Features	SFB001_1	SFB002_1	SFB007_1	SFB013_1	SFB016_1	SFB017_1	SFB018_1	SFB019_1	SFB020_1	SFB021_1	SFB024_1	SFB025_1	SFB026_1	SFB029_1	SFB031_1	SFB032_1	SFB045_1	SFB046_1	SFB053_1	SFB054_1	SFB055_1	SFB058_1	SFB059_1	SFB062_1	SFB063_1	SFB065_1	SFB066_1	SFB068_1	SFB072_1	SFB073_1	SFB074_1	SFB076_1	SFB077_1	SFB078_1	SFB079_1	SFB080_1	SFB081_1	SFB082_1	SFB083_1	SFB085_1	SFB086_1	SFB091_1	SFB093_1	SFB096_1	SFB097_1	SFB099_1	SFB101_1	SFB102_1	SFB103_1	SFB105_1	SFB107_1	SFB109_1	SFB110_1	SFB113_1	SFB114_1	SFB115_1	SFB121_1	SFB123_1	SFB124_1	SFB127_1	SFB130_1	SFB132_1	SFB133_1	SFB003_1	SFB004_1	SFB008_1	SFB087_1	SFB090_1	SFB106_1	SFB112_1	SFB118_1	SFB119_1	SFB120_1	SFB122_1	SFB125_1	SFB126_1	SFB129_1
Clinical_Sex	1	2	1	1	2	1	1	1	1	1	1	1	2	1	2	1	1	1	2	1	2	1	1	1	1	1	2	1	2	1	1	1	2	2	1	1	1	1	1	1	1	1	1	2	1	1	1	1	1	1	2	1	1	2	2	1	1	1	1	1	1	1	1	2	1	2	1	1	2	2	1	1	1	1	1	1	1
Clinical_Age	59	69	57	58	41	66	59	64	51	66	52	66	69	56	56	65	63	61	52	64	67	64	76	76	70	60	68	60	67	77	67	69	70	51	66	69	70	59	75	55	70	64	64	69	56	51	55	65	60	59	52	81	66	74	46	73	81	59	60	68	71	68	65	67	76	83	73	54	68	75	75	52	72	66	61	57	78
Clinical_BMI	22.832879346258608	24.609374999999996	19.031141868512112	21.224489795918366	16.015624999999996	22.857142857142858	19.233560749020178	20.761245674740486	25.95155709342561	26.122448979591837	20.047445621303751	28.010223731662059	15.731336137614994	19.959355494266223	22.222222222222221	22.981901752370007	26.218820861678008	19.834710743801654	18.261504747991236	22.491349480968861	21.704734471986693	24.859073561850078	22.491349480968861	26.027582477014604	16.073321705824014	22.040816326530614	20.202020202020204	29.068773297766839	22.892819979188342	18.937002903673779	18.166089965397926	23.529411764705884	30.666666666666668	25.390624999999996	19.817677368212443	25.249337204898371	19.333729922665082	23.875114784205696	21.453287197231838	22.720438370810918	20.202020202020204	21.218317194552675	18.68512110726644	20	24.447278911564631	19.257028815517668	26.794938016528928	22.491349480968861	22.600262984878366	29.046570270356536	27.548209366391188	22.892819979188342	26.122448979591837	27.929687499999993	19.227687870533565	20.904195011337873	24.913494809688583	25.535446391522228	27.852007979223909	17.506389832288786	25.880570635020831	26.061679307694877	19.834710743801654	15.622618503276936	22.491349480968861	22.959087658549439	19.031141868512112	15.570934256055365	20.077747874749029	16.649323621227886	25.711662075298442	24.489795918367346	25.864512471655331	21.551020408163264	17.095455863236353	21.453287197231838	20.589649094696359
Clinical_Smoking	0	1	1	1	0	1	1	1	1	1	1	1	0	1	0	0	1	1	0	0	0	0	0	1	0	1	0	1	0	0	0	1	0	0	1	1	0	0	1	1	0	1	0	0	0	1	1	1	1	1	0	1	0	0	0	1	1	1	1	1	1	1	1	0	0	0	0	1	0	0	0	1	0	1	0	1	0
Clinical_Drinking	0	1	0	1	0	1	0	1	1	1	1	1	0	1	0	0	1	1	0	0	0	0	0	1	0	1	0	1	0	0	0	1	0	0	1	1	0	0	1	1	0	1	0	0	0	1	1	1	1	1	0	1	0	0	0	1	1	0	1	1	1	0	1	0	1	0	0	1	0	0	0	1	0	1	0	1	1
Clinical_ECOG	0	0	1	0	1	1	1	1	1	1	1	1	1	1	1	1	1	0	1	0	0	0	1	1	1	1	1	0	1	1	1	1	0	1	1	1	1	0	0	0	0	0	1	1	0	1	1	0	1	0	1	1	1	1	1	0	1	1	1	1	1	1	0	1	1	1	1	1	1	1	1	1	1	0	1	0	1
Clinical_T_category	3	3	4	3	2	2	3	3	3	3	3	3	3	3	3	3	4	3	3	2	3	3	3	2	4	3	3	4	3	3	3	2	3	2	3	3	3	3	3	3	3	3	3	3	1	3	2	3	3	3	2	3	3	3	3	3	3	3	3	3	3	4	3	3	4	3	3	4	2	4	2	4	4	3	3	3	3
Clinical_N_category	2	1	2	1	0	2	3	1	2	2	3	2	0	1	1	2	2	1	2	1	3	1	2	2	0	2	2	2	2	1	2	1	0	2	0	1	0	2	2	1	1	0	2	0	1	2	1	1	1	2	3	2	2	2	2	2	2	1	1	0	2	1	1	1	1	1	1	2	3	0	1	0	1	2	1	1	1
Clinical_M_category	0	0	0	0	0	0	0	1	0	0	0	0	0	0	0	0	0	0	0	0	1	0	0	0	0	0	0	0	0	0	0	0	0	0	0	0	1	0	0	0	0	0	0	0	0	0	0	0	0	1	0	0	0	0	0	0	0	0	0	0	0	1	0	0	0	0	0	1	1	0	0	0	0	0	0	0	0
Clinical_NLR	1.6816143497757847	2.1831683168316833	2.768361581920904	1.2882352941176471	1.6627906976744184	2.1739130434782608	1.976878612716763	2.9909090909090907	5.0606060606060606	3	0.11991869918699187	0.24354838709677418	0.2040816326530612	4.7142857142857144	1.1357142857142859	8.5656565656565657	1.7297297297297298	2.4112903225806455	2.682795698924731	2.1578947368421053	1.9420289855072466	5.398305084745763	2.8118811881188117	3.6165413533834583	2.78	1.823943661971831	2.227586206896552	1.6363636363636362	5.092307692307692	6.4827586206896557	2	2	3.2935779816513757	6.5500000000000007	6.0958904109589049	2.2529411764705882	1.7973856209150327	3.1198156682027647	1.8368794326241136	1.6638655462184875	1.8082901554404147	3.8770491803278695	1.459016393442623	1.7073170731707319	1.5648535564853556	2.5490196078431371	2.1635220125786163	2.6329113924050631	2.6753246753246751	2.1302325581395349	8.2533333333333339	1.8083623693379791	1.7371428571428571	0.67447916666666663	2.50561797752809	2.2162162162162158	1.3879781420765027	3.738255033557047	3.5806451612903225	1.79296875	1.2307692307692308	1.5675675675675673	2.09375	5.7840909090909092	3.1315789473684208	2.1948717948717951	3.8888888888888888	1.4788135593220342	2.185483870967742	1.5079365079365079	4.666666666666667	4.9147286821705425	0.94186046511627919	1.824489795918367	2.7622377622377625	3.5517241379310343	3.18
Clinical_PLR	113.00448430493273	59.900990099009903	91.525423728813564	100	133.72093023255815	184.78260869565216	113.29479768786128	156.36363636363635	160.60606060606059	186.71328671328672	4.8373983739837394	8.7096774193548381	13.877551020408163	185.71428571428569	70	137.37373737373738	113.51351351351352	141.93548387096774	137.63440860215053	132.45614035087721	194.92753623188406	222.88135593220341	132.17821782178217	219.54887218045113	254	98.239436619718319	104.82758620689656	98.86363636363636	240	453.44827586206901	114.66666666666667	134.375	216.51376146788988	406.66666666666669	121.91780821917808	98.235294117647058	117.64705882352941	101.84331797235023	104.25531914893618	246.218487394958	126.42487046632125	212.29508196721312	161.47540983606558	110.73170731707319	54.811715481171547	98.039215686274503	117.61006289308176	158.22784810126581	192.64069264069263	134.88372093023256	413.33333333333331	74.564459930313589	126.28571428571429	49.739583333333336	204.49438202247191	196.39639639639637	88.52459016393442	179.19463087248323	175.26881720430106	116.015625	74.519230769230774	188.28828828828827	144.375	264.77272727272725	278.9473684210526	129.74358974358975	118.5185185185185	91.101694915254242	167.74193548387098	71.428571428571431	227.27272727272728	151.16279069767441	85.465116279069775	62.857142857142854	207.69230769230771	226.43678160919541	155.5
Clinical_LMR	6.96875	5.05	8.85	9.9999999999999982	6.615384615384615	5.75	7.5217391304347823	15.714285714285714	1.5	5.2962962962962958	11.44186046511628	4.2272727272727275	6.3225806451612909	37.333333333333336	11.666666666666666	3.8076923076923075	6.4347826086956514	4	5.3142857142857149	4.9565217391304337	8.625	3.189189189189189	2.9705882352941173	3.8000000000000003	4.7619047619047619	9.793103448275863	8.5294117647058822	7.04	16.25	2.8292682926829267	6.8181818181818183	10.666666666666668	7.7857142857142856	4	1.8717948717948716	3.4693877551020407	6.6521739130434785	2.5232558139534884	6.1304347826086953	4.76	8.0416666666666661	4.3571428571428568	5.545454545454545	7.5925925925925917	3.918032786885246	6.954545454545455	6.36	4.5142857142857151	3.9152542372881358	4.8863636363636358	5.3571428571428568	7.9722222222222232	5.8333333333333339	16.695652173913043	5.2352941176470589	5.8421052631578956	5.903225806451613	3.5476190476190479	5.8125	6.5641025641025639	7.4285714285714279	3.580645161290323	4.5714285714285721	4.8888888888888893	4.3428571428571434	5.416666666666667	9.0000000000000018	6.7428571428571429	6.8888888888888893	10.08	2.9117647058823528	2.3888888888888888	24.571428571428569	5.6976744186046515	3.3255813953488369	4.1428571428571432	5.7142857142857144
Clinical_SII	423.76681614349775	264.16336633663366	448.47457627118649	438	382.44186046511624	369.56521739130432	387.4682080924855	514.43636363636358	1072.8484848484848	801.00000000000011	28.540650406504064	39.454838709677418	55.510204081632651	980.57142857142844	222.60000000000005	1164.9292929292928	290.59459459459458	424.38709677419354	686.79569892473114	325.84210526315792	522.40579710144937	1419.7542372881355	750.77227722772273	1056.0300751879699	706.12	508.88028169014086	338.59310344827588	284.72727272727275	794.4	3409.9310344827591	344	430	777.28440366972472	1598.2000000000003	542.53424657534254	376.24117647058824	323.52941176470586	689.47926267281105	270.02127659574467	487.51260504201684	441.22279792746116	1004.1557377049182	287.42622950819674	387.56097560975616	204.9958158995816	382.35294117647061	404.57861635220121	658.22784810126575	1190.5194805194803	617.76744186046517	2558.5333333333333	386.98954703832754	383.90857142857146	128.82552083333334	456.02247191011236	483.13513513513504	224.85245901639345	998.11409395973158	583.64516129032256	532.51171875	190.76923076923077	327.62162162162161	483.65625	1347.6931818181818	1327.7894736842104	555.30256410256413	497.77777777777777	317.94491525423729	454.58064516129031	271.42857142857144	1050	958.37209302325573	138.45348837209303	280.97142857142853	820.38461538461547	699.68965517241384	988.98
Clinical_SIRI	0.53811659192825112	0.87326732673267338	0.5536723163841808	0.43800000000000006	0.43232558139534888	0.34782608695652173	0.45468208092485546	0.20936363636363636	4.4533333333333331	0.81000000000000016	0.51565040650406502	1.0716129032258064	0.63265306122448972	0.14142857142857143	0.27257142857142858	2.2270707070707072	0.39783783783783783	0.74750000000000005	0.93897849462365579	0.49631578947368421	0.31072463768115943	1.9973728813559324	1.912079207920792	1.2657894736842104	0.58379999999999999	0.52894366197183096	0.37868965517241382	0.40909090909090906	0.2036923076923077	2.6579310344827585	0.44	0.3	0.46110091743119269	0.98250000000000004	2.3773972602739728	1.1039411764705882	0.41339869281045755	2.6830414746543778	0.42248226950354612	0.41596638655462187	0.4339896373056995	1.0855737704918036	0.32098360655737707	0.46097560975609764	0.95456066945606699	0.5607843137254902	0.54088050314465408	0.92151898734177207	1.5784415584415581	0.93730232558139548	1.1554666666666669	0.65101045296167248	0.52114285714285713	0.15513020833333335	0.4259550561797753	0.42108108108108105	0.43027322404371582	1.5700671140939597	0.57290322580645159	0.69925781249999996	0.34461538461538466	0.48594594594594587	0.73281249999999987	1.0411363636363635	1.0960526315789474	0.7901538461538461	0.46666666666666662	0.51758474576271185	0.39338709677419353	0.37698412698412698	1.5866666666666669	2.653953488372093	6.593023255813954E-2	0.78453061224489784	1.1877622377622379	0.7458620689655171	1.113
Clinical_PIV	135.60538116591928	105.66534653465347	89.694915254237301	148.92000000000002	99.434883720930245	59.130434782608688	89.117687861271676	36.010545454545451	944.10666666666668	216.27000000000004	122.72479674796747	173.60129032258064	172.08163265306123	29.417142857142856	53.423999999999999	302.88161616161619	66.836756756756756	131.56	240.37849462365588	74.943684210526328	83.584927536231888	525.30906779661018	510.52514851485148	369.6105263157894	148.2852	147.57528169014083	57.560827586206898	71.181818181818187	31.776000000000003	1398.0717241379309	75.680000000000007	64.5	108.81981651376147	239.73	211.58835616438355	184.35817647058826	74.411764705882362	592.95216589861741	62.104893617021276	121.87815126050421	105.89347150259069	281.16360655737714	63.233770491803284	104.64146341463416	125.04744769874478	84.117647058823522	101.1446540880503	230.37974683544303	702.40649350649335	271.81767441860467	358.19466666666676	139.31623693379791	115.17257142857143	29.629869791666668	77.523820224719103	91.795675675675668	69.704262295081961	419.20791946308719	93.383225806451605	207.6795703125	53.415384615384617	101.56270270270269	169.27968749999997	242.58477272727271	464.72631578947369	199.90892307692306	59.733333333333327	111.28072033898306	81.824516129032247	67.857142857142861	357.00000000000006	517.52093023255816	9.6917441860465132	120.81771428571427	352.76538461538468	146.93482758620686	346.14299999999997
GenusDelta_Abiotrophia	0	0	0	-27	0	0	0	0	0	0	0	0	0	-1	-4	0	0	0	0	0	0	0	7	0	0	0	0	0	0	0	0	0	0	0	0	0	0	0	2	0	0	0	0	0	-1	0	0	0	0	0	-1	0	0	0	0	0	0	-1	0	0	0	0	0	0	0	0	0	0	0	0	0	0	0	0	0	0	0
GenusDelta_Absiella	0	0	0	-3	0	0	0	0	0	0	0	0	0	0	0	0	0	0	0	0	0	0	0	0	0	0	0	0	0	0	0	0	0	0	0	-42	0	0	0	0	0	0	0	0	0	0	0	0	0	0	0	0	0	0	0	0	0	0	0	0	0	0	0	0	0	0	-14	-2	0	0	0	0	0	0	0	0	0
GenusDelta_Acetanaerobacterium	0	0	0	0	0	0	0	0	0	0	0	0	0	0	0	0	0	0	0	0	2	0	0	0	0	0	0	0	0	0	0	0	0	0	0	0	0	-3	0	0	0	0	0	0	0	0	0	0	-1	0	0	0	0	0	0	0	0	0	0	0	0	0	0	0	0	0	2	0	0	0	0	0	0	0	0	0	0
GenusDelta_Acidaminococcus	0	0	0	0	0	0	0	-9	57	0	0	0	4	0	0	0	0	0	0	0	0	0	0	0	0	963	0	12	0	0	-4	0	0	0	0	0	-1	272	81	0	0	0	0	0	0	0	29	0	0	0	0	0	0	0	0	0	0	0	0	0	-20	-7	-11	0	0	-129	0	17	0	0	-3	0	0	0	0	0	-2
GenusDelta_Acinetobacter	0	0	0	0	0	0	0	0	0	0	0	0	0	-2	0	0	0	0	0	0	0	0	0	0	0	0	0	0	0	0	0	16	0	0	0	0	0	0	0	0	0	0	0	0	0	0	0	0	0	0	-3	0	0	0	0	0	5	0	0	0	0	0	0	0	0	0	0	-1	0	0	0	0	0	0	0	0	-5
GenusDelta_Actinomyces	0	0	0	0	0	0	0	-3	0	0	0	0	0	3	0	0	0	0	0	0	0	0	0	0	0	0	0	0	0	0	0	0	0	0	0	0	0	0	0	0	0	0	0	0	0	-4	0	0	0	0	1	0	0	0	0	0	0	0	0	0	0	0	1	0	0	0	0	0	0	0	0	0	0	0	0	0	0
GenusDelta_Acutalibacter	-54	-4	2	-1	23	-6	0	141	-6	22	-11	-1	-86	42	9	-41	3	-5	62	16	-14	18	-2	12	0	1	-1	-16	-12	-8	-18	-15	-50	-4	-20	-9	0	-18	20	1	6	18	3	7	-11	9	6	-22	7	5	-118	-9	51	-135	-132	5	-21	-2	11	-47	51	90	18	36	-12	-132	-5	4	-43	-5	-45	169	1	7	-3	-2	77
GenusDelta_Adlercreutzia	0	0	0	-1	0	-3	0	-9	0	0	0	-6	-7	0	0	-3	0	0	3	-3	0	-1	0	0	0	0	0	0	-4	-7	-1	-13	-9	0	0	0	-2	0	0	0	0	0	-4	0	0	0	0	0	-1	0	0	-17	0	-22	0	0	-6	0	-7	0	-8	0	0	0	0	-3	0	0	-2	0	0	16	-2	3	0	0	-1
GenusDelta_Agathobacter	-443	-20	-33	-53	-201	189	0	8	-231	1470	-156	-1517	-241	0	0	13	-1048	1580	-21	-4	24	-146	-12	285	-12	0	-441	221	-4	-16	-150	-274	-15	-608	0	0	-4	0	-212	-5	-131	0	-223	-427	0	91	-4	-115	-396	-69	278	-199	-16	28	-221	0	-239	182	204	0	-397	448	146	24	-266	-6	-4	-39	-42	1	67	-120	-114	-134	-4	465	-4
GenusDelta_Agathobaculum	33	-19	-19	4	-13	12	-28	59	-14	18	79	-24	3	0	0	31	-28	5	-23	-9	12	2	-257	19	9	-50	-12	73	-50	8	-262	-48	-4	-4	0	37	135	-108	-18	22	23	-12	-21	-55	4	-29	0	-30	-70	-46	7	-24	-11	-15	-19	-14	-41	-16	22	-68	-52	20	8	8	-40	0	-35	24	-6	-3	-13	-212	-6	29	-26	27	-30
GenusDelta_Aggregatibacter	0	0	0	0	-2	0	0	0	0	0	7	0	0	1	0	0	0	0	0	0	0	0	0	0	0	0	0	2	0	0	0	0	0	0	0	0	-2	0	0	0	0	0	0	0	0	0	0	19	0	0	0	0	0	0	0	-6	0	0	0	0	0	0	0	0	0	0	0	3	0	0	0	0	0	0	0	7	0
GenusDelta_Akkermansia	7492	-255	20	865	0	0	0	15	-41	0	0	-7	296	-330	53	26	-11	212	-122	0	21	1387	-1776	1	7251	0	29	0	9	0	-1	0	0	-509	-76	0	-3	0	0	-8	-1	0	-201	0	0	0	5	12	0	0	0	-29	0	0	0	0	0	0	-54	1356	0	-235	-272	0	10	5564	28	-7	10	2968	205	0	0	0	-1	21	-1
GenusDelta_Alcaligenaceae_Incertae_Sedis	0	2	0	0	0	0	0	-2	0	0	0	0	0	0	0	0	0	0	0	0	0	0	0	0	0	0	0	0	0	0	0	0	0	0	0	0	0	0	1	0	0	0	0	0	0	0	0	0	0	0	0	0	0	0	0	0	0	0	0	0	0	0	0	0	0	0	0	0	0	0	0	0	0	0	0	0	0
GenusDelta_Alistipes	-369	0	-3	802	-48	-112	0	162	-510	-225	-29	-21	93	39	-1	-169	1	-420	-172	-324	594	35	0	159	-822	235	0	13	-57	137	-9	-132	-125	0	0	0	-1	296	-180	-130	1	12	-208	-392	0	25	0	-207	-148	-71	38	229	1677	1510	84	0	5	-29	76	-6	-33	-350	-128	-108	-114	-234	255	18	397	3	76	308	161	-330	-63	111	-188
GenusDelta_Allisonella	0	0	0	0	-12	0	25	13	0	0	0	0	0	0	0	1	1	0	-4	0	0	0	0	0	0	11	2	-5	-9	9	-75	0	0	0	0	0	0	-5	73	0	0	0	-6	0	-26	0	3	-46	0	0	-1	3	0	0	8	13	3	-26	3	-5	-2	-2	-9	0	0	-37	12	2	-6	27	6	0	10	0	0	-12	-2
GenusDelta_Alloscardovia	0	0	0	0	0	0	0	0	0	0	0	0	-11	0	0	0	0	0	0	0	0	0	0	0	0	0	0	7	0	0	0	0	0	0	0	0	0	0	1	0	0	0	0	0	0	0	0	0	0	0	0	0	0	0	0	-1	0	0	0	0	0	0	0	0	0	-3	0	0	0	0	0	0	-2	0	0	0	0
GenusDelta_Amedibacillus	0	0	0	0	0	0	0	0	0	0	0	0	0	0	0	0	0	0	0	0	0	0	0	0	0	0	0	0	0	0	0	0	0	0	18	0	0	0	0	0	0	-1	0	0	0	0	0	0	0	0	0	0	0	0	0	0	0	0	0	0	0	0	0	0	0	0	-6	0	0	0	0	0	0	0	0	0	0
GenusDelta_Anaerobutyricum	-113	0	715	-54	159	108	-67	66	-29	110	-24	-173	-514	-277	0	258	3	-17	8	-45	42	-15	-32	-56	-14	0	-24	29	-3	5	-25	-125	-259	-4	0	26	94	32	-19	41	43	70	-3	-61	-50	166	-2	-2	-30	0	24	-16	72	-8	38	122	-5	47	14	-69	95	180	48	54	-18	-63	58	6	0	19	-49	-229	-9	189	0	2	6
GenusDelta_Anaerofilum	0	0	0	0	0	0	0	0	0	0	0	0	5	0	0	0	0	0	0	0	0	0	0	0	-1	0	0	0	0	0	0	0	0	0	0	0	0	0	0	0	0	0	0	0	0	0	0	0	0	0	0	-2	12	0	0	0	0	0	0	0	-1	0	0	0	0	0	0	0	0	0	0	0	0	0	0	0	-1
GenusDelta_Anaeroglobus	0	0	0	0	0	0	0	0	0	0	0	57	0	0	0	0	0	0	0	1	0	0	0	0	0	21	0	0	0	0	0	0	0	0	0	0	0	0	0	0	0	0	0	0	0	0	0	0	0	0	0	0	0	0	0	0	0	0	0	30	0	0	0	-4	0	0	0	0	0	0	0	0	0	0	0	0	0
GenusDelta_Anaerostipes	-23	-6	-30	3	283	264	-195	0	14	134	6	-16	-326	-376	0	625	0	0	25	-38	88	-14	0	9	0	-1033	29	-15	0	-4	-8	-31	-77	-11	6	-25	86	39	-8	11	32	87	0	-66	-1001	12	2	-5	23	-2	17	5	1	-127	23	16	4	0	-4	-1	31	136	1	107	-3	-54	25	0	-15	14	26	-161	0	150	7	19	-4
GenusDelta_Anaerotignum	0	0	0	0	0	0	-4	0	0	0	0	0	0	0	0	0	0	0	0	0	0	0	-1	0	0	0	0	0	0	0	-3	0	0	0	0	-2	0	0	0	0	0	0	0	0	0	0	0	0	0	0	2	0	0	0	0	0	0	0	0	0	0	0	0	0	0	0	0	0	0	0	0	0	0	0	0	0	0
GenusDelta_Anaerotruncus	-1	0	0	37	0	0	0	-3	-1	-4	0	0	0	0	0	-7	13	0	13	1	13	6	0	43	0	0	0	0	0	0	0	0	0	0	0	0	-1	-34	-1	-5	-1	0	-3	0	0	0	0	1	1	0	0	2	5	8	4	0	0	0	-2	-1	1	0	0	0	0	-13	-11	6	1	-3	0	146	0	69	0	0	-2
GenusDelta_Anaerovoracaceae_Family_XIII_AD3011_group	-21	0	0	-6	15	4	0	-32	-9	6	2	-5	-52	0	0	2	2	-18	3	2	0	-1	-1	26	-3	0	0	0	0	0	0	-6	-39	0	0	0	0	5	7	0	4	0	42	0	0	6	0	-5	2	-3	0	4	17	-22	22	0	-10	2	-21	0	10	4	6	0	-7	17	-7	-8	7	-2	-10	20	25	13	5	1	1
GenusDelta_Anaerovoracaceae_Family_XIII_UCG_001	0	0	0	0	3	0	0	5	-1	0	0	0	0	0	0	0	4	0	5	-13	0	5	0	4	-2	0	0	0	0	1	0	0	0	0	0	0	0	0	0	-2	5	0	-10	0	0	0	0	-16	-11	-4	0	0	-2	0	3	0	0	-1	0	0	0	0	0	0	-2	0	7	0	5	0	-8	6	0	13	-5	0	-1
GenusDelta_Anaerovoracaceae_Incertae_Sedis	0	0	0	6	0	0	0	0	0	0	0	0	0	0	0	-2	0	0	0	0	0	0	-15	0	0	0	0	0	0	0	0	0	0	0	0	0	0	0	0	-6	0	0	-1	0	0	0	0	0	0	0	0	0	-10	0	0	0	0	0	0	0	0	0	0	0	0	0	-7	0	0	0	0	0	0	0	0	0	0
GenusDelta_Atopobium	0	0	0	0	0	0	0	0	0	0	0	0	0	0	0	0	0	0	0	0	0	0	0	0	0	0	0	0	0	0	0	0	0	0	0	0	0	0	0	0	0	0	0	0	0	0	0	0	0	0	0	0	0	0	0	0	0	0	-3	0	0	0	0	0	0	0	0	0	0	0	0	4	0	0	0	0	0
GenusDelta_Bacilli_RF39_Incertae_Sedis	0	0	0	0	0	-70	0	0	0	0	0	0	-34	0	0	-12	10	0	9	0	0	0	-3	-17	-8	0	0	0	16	2	0	0	0	0	0	0	0	0	0	0	-5	0	0	0	0	0	0	0	0	0	0	-91	-1	0	-29	0	0	-3	0	0	0	4	0	0	-22	0	0	0	-7	0	3	0	0	0	0	0	-9
GenusDelta_Bacillota_Incertae_Sedis_DTU014_Incertae_Sedis	0	0	0	0	0	0	0	0	0	0	0	0	0	0	0	0	1	0	0	0	0	0	0	0	-1	0	0	0	0	0	0	0	0	0	0	0	0	0	0	0	0	0	0	0	0	0	0	0	0	0	0	0	0	0	0	0	0	0	0	0	0	0	0	0	0	0	0	0	0	0	0	0	0	0	0	0	-3
GenusDelta_Bacteroidales_Incertae_Sedis	0	0	0	0	0	-8	0	0	0	0	0	0	7	0	0	-26	0	0	0	0	0	0	0	17	-9	0	0	0	0	-62	0	0	0	0	0	0	0	0	0	0	0	0	0	0	0	0	0	-17	0	0	0	26	0	0	7	0	0	-4	0	0	0	0	0	0	0	0	0	0	0	0	0	0	0	0	0	0	-22
GenusDelta_Bacteroides	-1168	-2675	-2327	503	217	563	-1732	440	-3222	116	1962	-849	2149	2668	-1412	-689	-2751	781	-443	-414	-1825	-1261	-1923	225	-2383	2149	-720	2196	-342	78	-5	-786	-108	-3952	-2357	-1630	-45	-1122	-1142	-582	-428	-3724	-767	2540	5288	200	-9	358	872	-148	4246	2400	-2254	2573	634	-668	-2482	-1057	1272	3097	-849	-1254	-721	1014	-478	-3016	1026	3313	-534	-2037	829	148	449	-378	-981	169	-67
GenusDelta_Barnesiella	0	0	0	0	-78	-38	0	-142	-72	-17	0	-8	23	0	0	3	-63	-76	0	-123	0	0	0	-68	0	0	0	1	0	6	0	-79	0	0	0	0	0	44	-39	-47	-31	0	-32	0	0	0	0	-127	-26	-25	0	0	976	0	2	0	0	0	-8	0	-7	-67	0	0	-18	-551	7	-2	0	0	0	0	0	194	2	0	-96
GenusDelta_Bifidobacterium	95	8	4463	-47	1005	1967	-297	-667	171	-185	26	11	-755	-294	754	-2202	58	779	2188	327	-939	-31	-49	134	0	11	28	589	-744	-21	269	-214	2908	25	-3280	1316	552	161	516	146	661	739	21	-492	-579	-272	-5282	-320	284	47	-368	-484	121	-25	-103	3612	46	139	-2728	-165	213	2741	-104	249	-26	99	129	-26	-443	-902	-2713	109	-744	194	-145	-1285	-6
GenusDelta_Bilophila	-45	0	0	-4	0	1	0	15	-23	0	11	176	15	0	0	-7	-1	10	-34	19	4	11	0	-4	-55	103	0	-7	-12	17	-22	0	-4	-38	0	0	-1	16	-27	19	8	0	1	0	0	9	0	13	6	-14	-1	15	-3	-46	10	3	-13	0	18	0	-16	-12	86	0	2	-25	-45	25	0	-28	5	0	0	0	-3	100	4
GenusDelta_Blautia	-242	837	420	-771	1178	459	-58	-974	23	-208	1213	-1523	-1476	-2566	344	389	-124	-258	195	-65	117	-71	-133	-257	353	-2994	-95	412	-9	60	34	-407	-294	-151	29	719	292	-1237	522	138	156	576	527	-190	-429	846	-19	143	-238	5	44	-143	190	-78	279	-41	20	1527	162	-229	577	559	1873	417	25	-184	359	195	-6	202	328	-68	130	929	41	291	-8
GenusDelta_Butyribacter	0	0	0	13	0	0	0	15	0	-35	6	-25	-2	0	0	-76	1	-70	-5	0	0	6	-6	0	0	0	0	21	-8	0	0	0	0	0	0	0	0	0	0	-9	0	0	-9	0	0	0	0	0	0	0	0	-48	-26	19	18	0	0	0	23	0	2	3	0	0	0	0	0	0	3	0	23	0	0	0	-13	0	-21
GenusDelta_Butyricicoccaceae_UCG_008	0	0	0	0	5	0	0	0	0	0	0	0	0	0	0	0	1	0	0	0	0	0	0	0	-4	0	0	0	0	0	0	0	0	0	0	0	0	0	-1	0	-6	0	0	0	0	0	0	0	0	0	0	0	0	0	0	0	0	0	0	0	0	0	0	0	0	0	0	0	0	0	0	0	0	0	0	0	0
GenusDelta_Butyricicoccaceae_UCG_009	-5	0	0	0	0	0	0	0	-3	0	0	-1	0	0	0	0	20	0	11	0	0	0	0	2	-8	0	0	0	0	2	0	0	0	0	0	0	0	-35	-6	11	-1	0	-6	0	0	0	0	0	-5	-12	0	0	3	0	17	0	0	-2	0	0	0	-1	0	0	-2	-8	0	0	1	0	-8	0	0	-53	0	-5	-1
GenusDelta_Butyricicoccus	0	-5	2	0	0	0	0	0	0	0	0	0	0	0	-157	0	0	0	0	0	0	0	0	0	59	0	0	0	0	0	0	0	0	0	-8	0	0	0	0	0	0	-2	0	0	0	0	0	0	0	0	0	0	0	0	0	0	0	0	0	0	0	0	0	0	0	0	-14	0	0	0	0	0	0	0	0	0	0
GenusDelta_Butyricimonas	0	0	0	73	-49	0	0	1	-22	0	3	-1	9	0	0	17	3	-3	-43	2	0	-3	0	-13	-78	0	0	2	13	8	0	0	-4	0	0	0	0	0	-19	-29	-34	0	-34	0	0	6	0	12	-6	-10	0	44	218	26	1	0	-4	-9	9	0	0	-18	0	0	-35	-49	40	21	0	0	-11	22	3	23	-7	0	-15
GenusDelta_Butyrivibrio	0	0	0	0	0	0	0	0	0	0	0	0	0	0	0	0	0	0	0	0	0	0	0	0	0	0	0	0	0	0	0	0	0	0	0	0	0	0	0	0	0	0	0	0	0	0	0	0	0	0	0	9	0	0	0	0	0	0	0	0	0	0	0	0	0	0	0	0	0	0	0	0	0	0	0	0	-355
GenusDelta_Campylobacter	0	0	0	0	0	0	0	0	0	0	0	0	0	0	0	0	0	0	0	0	0	0	0	-7	0	0	0	0	0	1	0	0	0	0	0	0	0	0	0	0	0	0	0	0	-2	0	0	4	0	0	0	0	-1	0	0	0	0	0	0	0	0	0	0	0	0	0	-1	0	0	0	0	0	0	0	0	0	0
GenusDelta_Candidatus_Saccharimonas	0	0	0	0	0	0	0	0	0	0	-3	0	0	-1	0	0	0	0	0	0	0	0	0	0	0	0	0	0	0	0	0	0	0	0	0	0	0	0	0	0	0	0	0	0	0	0	0	0	0	0	0	0	0	0	0	0	0	0	0	0	0	0	0	0	0	0	0	0	0	0	0	0	0	0	0	0	0
GenusDelta_Candidatus_Soleaferrea	0	0	-3	2	0	0	0	-2	0	0	0	0	11	0	1	-6	0	0	0	-3	2	0	0	4	0	0	0	0	0	0	0	0	0	0	0	0	0	0	0	0	0	0	-1	0	0	2	0	0	1	-1	0	1	5	0	0	0	0	0	0	0	3	-2	0	0	0	0	-5	-2	4	0	-4	0	0	2	0	0	0
GenusDelta_Caproiciproducens	-3	0	0	0	0	0	0	2	0	0	0	0	0	0	0	0	0	0	0	0	0	0	0	2	0	0	0	0	0	0	0	0	0	0	0	0	0	0	0	0	0	0	0	0	0	0	0	0	0	0	0	0	0	-8	0	0	0	0	2	0	0	0	0	0	0	0	0	0	0	0	-1	0	0	0	0	0	0
GenusDelta_Catenibacillus	0	0	0	0	0	0	0	0	0	0	0	0	0	0	0	0	0	0	0	0	0	0	0	0	0	0	0	0	0	0	0	0	-1	0	0	0	0	3	0	0	0	0	0	0	0	0	0	0	0	0	0	0	0	0	0	0	0	0	0	0	-3	0	0	0	0	0	1	0	0	0	0	0	0	0	0	0	0
GenusDelta_Catenibacterium	0	0	0	0	0	0	0	0	0	0	0	0	-63	0	0	0	0	0	0	0	0	0	0	0	-31	0	0	-212	0	-31	0	0	0	0	0	0	0	0	0	0	0	0	0	0	0	0	-15	0	0	1	0	0	0	0	-169	0	0	0	0	0	0	0	0	0	0	0	0	0	0	0	0	0	-28	0	0	0	0
GenusDelta_Christensenella	0	0	0	2	0	-3	0	4	0	0	0	33	2	-2	0	-1	0	0	0	0	0	0	0	0	0	0	0	0	0	-2	0	0	-5	-1	0	0	0	-7	0	-2	0	0	-4	0	0	0	0	0	0	0	0	-1	20	0	0	0	0	0	-5	0	0	5	0	0	0	5	-4	0	-2	-11	0	8	0	0	0	0	0
GenusDelta_Christensenellaceae_Incertae_Sedis	0	0	0	0	0	0	0	0	0	-6	0	0	-6	0	0	1	1	0	2	-3	0	0	0	-2	-2	0	0	0	0	0	0	0	0	0	0	0	0	0	0	-2	0	0	-6	0	0	0	0	-3	0	-1	0	0	-3	-4	7	0	0	0	-3	0	0	-1	0	0	0	3	-1	-3	-5	0	0	0	-2	27	0	0	0
GenusDelta_Christensenellaceae_R_7_group	-13	0	0	106	19	-319	0	315	-49	-63	-278	-13	-7	0	0	-244	72	-2	233	-414	0	-201	-22	154	-1099	0	0	0	2	31	0	-13	-3	0	0	0	-6	29	-34	32	-14	0	88	-2	0	0	-1	-27	-5	0	-4	-898	-34	-43	147	9	16	-67	-31	0	9	431	79	0	-86	122	-53	-10	-19	-4	51	0	-73	5	-75	-15	-169
GenusDelta_Christensenellaceae_unclassified	0	0	0	0	0	0	0	0	0	0	0	0	1	0	0	0	0	0	0	0	0	0	0	0	0	0	0	0	-1	0	0	0	0	0	0	0	0	0	0	0	0	0	0	0	0	0	0	0	0	0	0	0	0	0	0	0	0	0	0	0	0	0	0	0	0	0	0	0	-1	0	0	0	0	0	0	0	0
GenusDelta_Citrobacter	0	0	9	0	0	11	9	0	0	0	-115	56	0	391	0	0	11	-16	0	0	0	0	2104	0	0	0	0	0	29	-4147	0	644	0	0	73	-6	0	8	-11	0	0	0	0	0	-272	9	0	0	-37	0	0	0	0	0	0	-89	0	0	0	0	13	0	0	0	0	0	0	0	-43	0	0	24	0	0	0	21	-18
GenusDelta_Cloacibacillus	0	0	0	0	0	0	0	0	-6	0	0	0	0	0	0	-17	0	0	0	0	0	0	0	0	0	0	0	0	0	0	0	0	0	0	0	0	0	0	0	-7	0	0	0	0	0	0	0	0	2	0	0	0	0	0	0	0	0	0	-2	0	0	0	0	0	0	0	0	0	0	0	0	0	0	0	0	0	0
GenusDelta_Clostridia_Incertae_Sedis	0	0	0	0	0	0	0	0	0	0	0	0	0	0	0	0	0	0	0	0	0	0	0	0	-3	0	0	0	0	-15	0	0	0	0	0	0	0	0	0	0	0	0	0	0	0	0	0	0	0	0	0	-3	0	0	0	0	0	0	0	0	0	0	0	0	0	2	0	0	0	0	0	0	0	0	0	0	0
GenusDelta_Clostridia_UCG_014_Incertae_Sedis	0	0	0	-40	0	-44	0	-17	0	0	0	-2	-502	1	0	-557	483	0	-410	-9	0	-259	0	-251	-684	0	0	0	125	-1552	0	2	0	0	0	0	-4	0	0	-67	-411	0	0	0	0	0	0	0	0	0	0	-1475	1	0	-140	0	1	-18	0	0	19	-197	0	0	-111	0	263	0	0	0	637	0	0	0	0	1	-300
GenusDelta_Clostridia_unclassified	0	0	0	0	0	0	0	0	0	-3	0	0	0	0	0	-17	0	0	-3	0	0	0	0	0	-1	0	0	0	0	0	0	0	0	0	0	0	0	0	0	0	0	0	0	0	0	0	0	0	0	0	0	0	0	0	0	0	0	0	-2	0	0	-2	0	0	0	0	0	0	0	0	0	0	0	0	0	0	3
GenusDelta_Clostridia_vadinBB60_group_Incertae_Sedis	0	0	0	0	-21	0	0	0	0	0	0	0	13	0	0	-3	7	0	-1	0	0	0	0	0	0	0	0	0	0	2	0	0	0	0	0	0	0	0	0	0	0	0	-2	0	0	0	0	0	0	0	0	-3	0	0	-5	0	0	0	0	0	0	2	0	0	-3	0	0	0	0	0	7	0	0	0	0	0	1
GenusDelta_Clostridioides	14	0	11	0	0	0	0	0	0	0	0	0	0	-13	0	0	0	0	0	0	0	0	0	0	0	12	0	0	0	0	0	0	0	0	136	0	0	0	0	0	0	-16	0	0	0	0	0	0	0	0	0	0	0	0	0	0	0	0	0	0	0	0	0	-21	0	0	0	0	0	0	0	0	0	0	0	0	0
GenusDelta_Clostridium	-17	1	-13	-12	4	290	-949	-13	0	57	-62	-38	-79	0	7	6	-45	20	-31	-49	0	0	-52	40	-3	-17	-27	51	-2	0	-1	-16	0	-66	1115	42	40	9	-2	-3	-2	10	-39	0	0	-238	4	5	-2	0	-8	-35	2	-11	0	-829	0	25	0	18	-108	-11	866	0	-10	1	-25	0	-6	0	6	0	-74	0	0	-27	-1
GenusDelta_Colidextribacter	-57	-22	-13	-10	-10	-4	0	4	0	-8	12	-2	1	0	0	-3	5	0	13	20	24	9	-31	19	-10	0	31	16	-3	0	-1	-3	-8	0	0	0	0	7	-14	-32	0	-3	3	-12	0	-2	0	4	3	-9	-23	-7	60	-99	-5	0	-1	-3	4	0	-4	-10	-12	12	-1	36	-99	21	-27	-101	0	176	8	-14	2	-7	7
GenusDelta_Collinsella	-56	0	0	-68	209	221	0	-293	-10	49	56	0	-134	0	0	412	-4	-4	0	-34	230	-6	-1	-53	-16	0	-9	-35	-17	-17	-260	0	-306	0	0	0	57	0	11	-31	6	928	-39	0	-346	-409	-73	-32	-64	6	-15	-304	51	-47	-3	0	8	36	-434	0	4	22	32	6	-16	-34	-133	-364	0	-104	-99	204	-1	65	-38	-42	-11
GenusDelta_Comamonas	0	0	0	-4	0	0	0	0	0	0	0	0	0	0	0	0	0	0	0	0	0	0	0	0	0	0	0	0	0	0	0	0	0	0	0	0	0	0	0	0	0	0	0	0	0	0	0	0	0	0	-1	0	0	0	0	3	8	8	0	0	0	-1629	0	0	0	0	0	0	0	0	0	0	0	0	0	0	-938
GenusDelta_Coprobacillus	0	0	-2	-37	3	0	0	2	-27	0	0	0	-9	-19	0	0	0	0	0	0	-4	0	0	-1	-4	-1	0	0	0	0	0	-20	0	0	0	0	2	0	0	0	0	-13	14	0	0	0	0	-4	-3	0	0	0	-13	0	0	0	0	-2	0	0	11	0	0	0	-1	0	-4	0	0	0	0	0	0	0	0	-3	0
GenusDelta_Coprobacter	0	0	0	0	-20	0	0	0	0	0	0	0	3	0	0	-15	-6	0	0	-13	0	37	0	0	-4	0	-9	0	-5	0	0	0	0	0	0	0	0	0	-4	0	-14	0	0	0	0	2	0	-1	0	1	0	0	-92	-169	0	0	-4	0	25	0	0	0	9	0	0	-14	0	0	0	0	-5	0	0	1	0	-14	0
GenusDelta_Coprococcus	-58	0	-125	-43	52	-35	0	20	-26	-76	-76	-112	-138	0	0	15	175	-7	-36	-80	0	-144	-10	-38	-4	0	0	-24	-89	27	0	-78	-108	-49	0	0	159	11	-66	38	-66	0	-55	-31	-155	-16	0	-29	-25	40	-11	-65	-60	-18	-31	0	-21	-4	114	-192	23	169	63	70	-22	-11	73	-31	-11	0	-7	83	66	-49	-23	17	44
GenusDelta_Coriobacteriales_Incertae_Sedis	0	0	0	0	-1	0	0	0	-3	8	-2	0	-6	0	0	0	-13	0	12	0	0	0	0	0	0	0	0	0	0	-2	0	0	-2	0	0	-4	0	0	11	0	0	0	-24	0	0	3	0	0	0	-1	0	-25	6	0	0	0	0	2	-9	0	-4	-2	0	0	0	5	3	0	-11	2	3	0	-4	42	-13	21	-5
GenusDelta_Corynebacterium	0	0	0	0	0	0	1	0	0	5	0	0	-2	0	1	0	0	0	0	1	0	0	0	0	0	0	0	0	0	0	0	0	1	0	0	0	-2	0	0	0	0	6	0	0	0	0	-1	2	0	0	-4	0	0	0	0	-3	0	0	0	0	0	0	0	0	0	1	-1	0	0	0	0	0	0	0	0	5	0
GenusDelta_Defluviitaleaceae_UCG_011	0	0	0	-4	0	0	0	0	0	0	0	0	0	0	0	-1	2	0	5	0	0	0	0	9	0	0	0	0	0	0	0	-3	0	0	0	0	0	0	-1	0	0	0	0	0	0	0	0	0	0	-1	0	0	0	0	0	0	0	0	-3	0	0	5	0	0	0	0	1	0	-6	0	0	0	0	1	0	0	3
GenusDelta_Delftia	0	0	0	0	0	0	1	0	0	0	0	0	0	0	0	0	0	0	0	0	0	0	0	-1	0	0	0	0	0	0	0	0	0	0	0	0	0	0	0	0	0	0	0	0	0	0	0	0	0	0	0	0	0	0	0	0	0	0	0	0	0	0	0	0	0	1	0	0	0	0	0	0	0	0	0	0	0
GenusDelta_Desulfovibrio	0	0	0	33	0	-52	0	170	-36	-7	26	0	5	0	0	-8	162	0	0	1	-3	6	-367	69	-100	117	0	32	-96	62	0	0	0	0	0	0	11	55	0	0	16	0	-154	0	0	0	0	6	0	-19	-1	68	317	0	40	18	0	-18	0	317	0	2	12	0	-55	0	-264	42	5	-242	95	1	88	-134	-25	254	1
GenusDelta_Desulfovibrionaceae_Incertae_Sedis	0	0	0	0	0	0	0	0	0	0	0	0	0	0	0	4	0	0	0	0	0	0	0	0	0	0	0	0	0	3	0	0	0	0	0	0	0	0	0	0	0	0	0	0	0	0	0	0	-2	0	0	0	0	0	0	0	0	0	1	0	0	0	0	0	0	0	3	0	0	0	0	0	0	0	0	0	0
GenusDelta_Dialister	-1008	-7	-263	0	-417	97	0	603	-817	-86	52	2	-36	90	15	-23	46	-1	-753	-88	-1	0	-937	-4	0	62	0	0	3	1	0	-376	0	0	-34	-17	-4	42	0	864	120	0	0	0	139	3	-908	0	0	-342	-1	0	7	-4	0	19	-793	-99	47	1132	0	-176	0	0	-69	-208	-11	-18	-38	12	373	407	34	-548	-112	1	48
GenusDelta_Dielma	0	0	0	1	0	0	0	0	0	0	0	0	0	0	0	0	0	0	0	0	0	0	0	0	0	0	0	0	0	0	0	0	0	0	0	0	0	0	0	0	0	0	-2	0	0	0	0	0	-3	0	0	0	0	-9	0	0	0	0	0	0	0	0	0	0	0	0	0	0	0	0	0	0	0	0	0	0	0
GenusDelta_Dorea	-190	0	36	-27	365	382	0	-320	59	198	77	-294	-258	0	0	329	50	-30	-140	-76	120	-28	-72	-109	-18	0	18	60	-2	54	-480	-175	-290	-199	0	0	167	65	24	113	65	131	-16	-39	-39	873	-73	-32	18	-23	8	15	158	-20	65	157	0	172	-4	-160	81	69	56	172	-33	-6	64	86	-38	63	-173	-35	73	-4	-23	103	-16
GenusDelta_Eggerthella	11	-5	20	0	0	2	4	-10	0	3	0	-8	0	-72	65	5	0	0	0	0	-4	1	0	0	0	-11	-1	0	0	0	-4	-3	-22	-5	-32	-21	0	-13	0	-1	-1	26	19	-9	-5	0	0	0	-2	0	-9	0	5	-15	0	-79	-1	0	-4	0	-7	0	18	17	0	1	-20	-2	-7	0	0	2	0	-4	-6	2	0
GenusDelta_Eggerthellaceae_CHKCI002	0	0	0	0	0	0	0	0	0	0	0	0	0	0	0	0	0	0	0	0	0	0	0	0	0	0	0	0	0	0	0	0	0	0	0	0	0	0	0	0	0	0	0	0	0	0	0	0	0	0	0	0	0	0	0	0	0	0	0	0	-4	0	0	0	0	0	0	0	0	0	0	0	0	3	2	0	0
GenusDelta_Eisenbergiella	0	64	0	24	0	0	0	13	-3	-59	0	0	379	0	0	85	0	0	0	47	106	0	0	107	0	0	0	0	31	-4	0	0	0	0	0	0	0	-136	-16	0	0	0	-6	-4	0	0	0	-1	0	0	52	-1	-3	-1	0	4	0	0	-5	0	0	0	21	-8	0	71	-5	58	-9	-3	-2	0	0	225	0	0	0
GenusDelta_Enorma	0	0	0	0	0	0	0	0	0	0	0	0	0	0	0	0	0	0	0	0	0	0	0	0	0	0	0	0	0	0	0	0	0	0	0	0	0	0	0	0	0	0	0	0	0	0	0	0	0	0	0	0	0	0	0	0	0	0	0	0	0	0	0	0	0	0	0	0	0	-7	0	0	0	0	0	0	0
GenusDelta_Enterobacter	10	-93	-28	267	0	-4	0	3	0	-28	0	41	-16	-3	48	0	0	3	0	0	0	0	0	0	0	0	884	-18	12	-64	0	7	0	167	37	31	469	67	0	-1	0	0	0	0	-107	-522	10	89	0	-5	-6	0	2	0	0	-49	12	3	37	0	0	0	0	-15	0	-10	0	41	-46	0	-6	0	0	0	0	33	-5
GenusDelta_Enterobacteriaceae_unclassified	168	-86	0	623	0	-42	0	0	-1	-60	-3	707	23	1811	-7	68	3	-20	0	5	0	0	2368	96	0	0	0	-36	66	-971	-1	573	4	1453	317	166	3538	88	-4	0	0	0	0	15	-230	-1410	0	109	-14	-11	-7	0	8	0	14	-139	47	0	0	9	47	0	0	-155	0	0	-45	8	-133	0	-7	0	0	0	0	76	-5
GenusDelta_Enterocloster	-64	-47	-11	17	-18	19	1	25	-1	-18	21	-34	9	-55	990	-216	-16	17	19	140	-33	-17	-111	40	6	499	4	-139	-77	8	-122	0	2	-32	-160	62	-19	-364	-34	-148	-3	-1232	-10	-184	5	-123	-8	-177	-51	-18	-70	86	6	-52	-15	1	37	0	-7	-27	-100	0	12	430	2	3	20	-10	-4	0	0	32	0	407	1	107	-6
GenusDelta_Enterococcus	48	93	136	0	0	-13	7	-11	0	1	0	227	-15	1	19	3	0	0	0	0	0	0	5783	2	3	0	0	0	-510	-23	0	72	16	721	20	-30	2	0	18	0	0	0	986	0	0	31	5	0	0	-17	-7	0	3	0	0	0	-6	0	-5	9	0	0	0	0	2	0	0	-4	-7	0	0	0	0	0	0	10	0
GenusDelta_Epulopiscium	0	0	0	0	0	0	0	0	0	0	0	0	0	0	0	0	0	0	0	0	0	0	0	0	0	0	0	0	0	0	0	0	0	0	0	0	0	0	0	0	0	0	0	0	0	0	0	0	0	0	0	0	0	0	0	-172	0	0	0	0	0	0	143	0	0	0	0	0	0	0	0	0	0	0	0	0	0
GenusDelta_Erysipelotrichaceae_UCG_003	-16	0	0	2	99	261	-440	0	96	136	468	-282	-81	0	0	174	1	-17	7	-28	-167	1	-12	17	-4	0	-23	0	-5	0	-34	-11	-447	-320	0	0	57	0	-34	15	-4	0	-8	-10	-56	112	0	2	11	-3	13	-9	45	-122	17	1	-9	8	17	-58	120	30	61	39	-2	25	38	-24	0	-4	-23	-188	11	395	0	0	-10
GenusDelta_Erysipelotrichaceae_unclassified	0	0	0	0	0	0	0	0	0	0	0	0	0	0	0	0	0	0	0	0	0	0	0	0	0	0	0	0	0	0	0	0	0	0	0	0	0	0	2	0	0	0	0	0	0	0	0	0	0	0	0	0	0	0	0	0	0	0	0	0	0	0	-1	0	0	0	0	0	0	0	0	0	0	-13	0	0	0
GenusDelta_Escherichia_Shigella	-5	7173	470	-2951	27	-4290	-829	171	-844	-3	-77	3663	263	-77	850	-30	524	-584	38	903	-31	193	-3	-1149	1769	-125	578	-130	2618	2791	7833	-3873	-35	3039	1830	-2174	59	-547	-541	-38	1639	3200	-248	827	84	1818	35	172	-187	-230	-4359	911	561	-164	220	1815	7644	-5502	-534	440	4296	-751	514	31	2990	304	-481	21	5101	463	909	65	-1077	468	2495	-1868	2578
GenusDelta_Eubacterium	0	0	0	0	0	-1	0	-104	0	0	0	0	-16	0	0	-12	0	0	0	0	0	0	0	2	0	0	0	0	0	0	13	0	0	0	0	0	0	0	11	0	0	0	0	0	0	0	0	0	0	0	0	0	7	0	0	0	0	1	0	56	0	0	0	0	0	0	0	3	-12	0	0	15	0	0	-2	0	0
GenusDelta_Extibacter	0	-12	7	0	0	0	0	6	0	0	0	0	0	-194	0	-6	0	0	0	0	0	0	0	0	0	-63	0	0	0	0	1	0	0	0	0	0	0	-5	0	0	0	248	34	0	0	0	0	0	0	0	0	0	0	0	0	0	0	0	0	0	0	0	54	0	0	-18	0	0	4	-4	0	0	0	0	-1	0	0
GenusDelta_Ezakiella	0	0	0	0	0	0	0	2	0	0	0	0	0	0	0	0	0	0	0	0	0	0	0	-5	0	0	0	0	0	0	0	0	0	0	0	0	0	0	0	0	0	0	8	0	0	0	0	0	0	0	0	0	-1	0	0	0	0	0	0	0	0	0	0	0	0	0	0	0	0	-1	0	0	0	0	0	0	0
GenusDelta_Faecalibacterium	-764	-256	-1314	980	-187	512	4	115	-729	2866	1213	411	178	2	0	227	-654	-1041	-551	1575	21	-372	-743	899	-337	0	314	1351	318	771	-11	-213	-108	-37	0	0	-887	44	84	802	722	0	-518	-343	681	214	-26	1149	138	1302	-152	208	-310	-1175	57	-1037	-1234	-75	425	-566	-376	-104	-82	923	-114	-557	104	21	-2	-30	28	-642	-212	-789	543	-368	68
GenusDelta_Faecalicatena	-1	-7	4	4	0	-4	0	-2	0	14	0	0	-1	0	0	-3	0	0	0	0	0	0	0	3	0	0	0	0	0	0	0	-1	0	0	0	0	0	-6	0	0	0	0	8	0	0	0	0	0	0	0	0	0	2	0	0	0	0	0	0	-2	0	9	-36	0	0	0	-6	0	0	0	-3	4	0	0	0	0	0
GenusDelta_Faecalicoccus	0	0	0	0	0	-3	0	0	0	0	0	0	0	0	0	0	0	0	0	0	0	0	0	0	0	0	0	0	0	0	0	0	0	0	0	0	0	0	0	0	0	0	0	0	0	5	0	0	0	0	0	0	0	0	0	0	0	0	0	0	0	0	0	0	0	4	0	0	0	-3	0	0	0	9	-30	0	0
GenusDelta_Faecalimonas	51	0	0	3	10	27	-54	0	3	9	12	-53	-20	-199	0	9	-1	0	3	26	31	2	-3	-2	0	-139	2	37	0	1	0	0	-10	0	-87	80	-1	0	11	-4	8	159	-3	0	0	26	0	-1	4	-2	-18	12	0	3	-1	-19	0	12	1	0	7	0	28	0	27	0	-44	8	0	0	-5	0	-1	0	-2	14	0
GenusDelta_Faecalitalea	0	0	0	1	0	0	0	0	0	0	0	-2	0	0	104	0	0	0	0	0	0	0	0	0	0	0	1	0	0	0	-3	0	0	0	0	0	3	-78	2	0	0	0	1	0	0	0	0	0	0	0	0	0	1	0	0	0	0	0	0	0	0	0	0	0	0	0	0	-2	0	0	0	9	0	51	-18	0	0
GenusDelta_Fannyhessea	0	0	0	0	0	0	0	0	0	0	0	0	0	0	0	0	0	0	0	0	0	0	0	0	0	0	0	0	0	0	0	0	0	0	0	0	0	0	0	0	0	0	0	0	0	0	0	0	0	0	0	0	0	0	0	0	0	0	0	0	0	0	0	0	0	1	-35	0	0	0	0	0	0	0	0	0	0
GenusDelta_Fenollaria	0	0	0	0	0	0	0	0	0	0	0	0	0	0	0	0	0	0	0	0	0	0	0	-3	0	0	0	0	0	0	0	0	-5	0	0	0	0	0	0	0	0	2	65	0	0	0	0	0	0	0	0	0	2	-1	0	0	0	0	0	0	0	0	0	0	0	0	-2	0	0	0	10	0	0	1	3	0	0
GenusDelta_Finegoldia	0	0	0	0	0	0	0	0	0	0	0	0	0	0	0	0	0	0	0	0	0	0	0	-1	0	0	0	0	0	0	0	0	-1	0	0	0	0	0	0	0	0	0	48	0	-1	0	0	0	0	0	0	0	0	0	0	0	0	0	0	0	0	0	0	0	0	0	0	0	0	0	0	0	0	0	0	0	0
GenusDelta_Flavobacteriaceae_Incertae_Sedis	0	0	0	0	0	0	0	1	0	0	0	0	-1	0	0	0	-2	0	0	0	0	0	0	0	0	0	0	0	0	0	0	0	0	0	0	0	0	0	0	0	0	0	0	0	0	0	0	0	0	0	0	0	0	0	0	0	0	0	0	0	0	0	0	0	-9	0	0	0	0	0	0	0	0	0	0	0	0
GenusDelta_Flavonifractor	-10	-112	7	102	-10	7	2	4	-5	12	-1	-1	14	-31	4	88	2	0	20	27	66	13	-31	4	30	35	37	-3	0	6	-5	-5	-6	0	75	-162	4	-52	0	0	2	-31	0	-10	37	5	-4	-3	34	-9	-200	9	-10	1	49	1	-7	-5	1	-89	6	-8	-7	-430	0	-13	-39	20	-14	-25	-1	15	0	50	-2	4	-6
GenusDelta_Fournierella	0	0	0	0	1	0	0	2	0	0	0	0	11	0	0	0	0	0	8	0	0	0	0	4	11	0	0	0	-7	0	0	0	0	0	0	0	0	0	0	0	0	0	0	0	0	0	0	0	0	0	0	0	1	0	0	0	0	-4	0	3	0	0	0	0	1	0	0	0	-13	93	0	0	2	24	0	0	15
GenusDelta_Frisingicoccus	0	0	0	8	0	0	0	0	0	0	0	0	0	0	0	0	0	0	0	0	0	0	0	0	0	0	0	0	0	0	0	0	0	0	0	0	0	0	0	0	0	0	0	0	0	0	0	0	0	0	0	0	0	0	0	0	0	0	0	-8	0	0	0	0	0	1	0	0	-12	0	0	0	0	0	0	0	0
GenusDelta_Fructilactobacillus	0	0	0	0	0	0	0	0	0	0	0	0	0	0	0	0	0	0	0	0	0	0	0	0	4	-6	0	0	0	0	0	0	0	0	0	0	0	0	0	0	0	0	0	0	0	0	0	0	0	0	0	0	0	0	0	0	0	0	0	0	0	0	0	0	0	0	0	0	0	0	0	0	0	0	0	0	0
GenusDelta_Fusicatenibacter	-34	0	-270	-42	48	1010	-8	208	-9	122	25	-310	-124	0	0	72	18	-187	3	-349	0	27	-32	42	-42	0	-42	137	-15	11	-22	-91	39	0	-531	157	666	0	-139	41	82	10	-22	-98	-11	97	-8	5	-49	-20	-17	4	5	-551	98	178	-4	94	116	-74	26	291	31	51	-32	-16	76	-43	-47	5	-95	-193	8	-20	-1	37	121
GenusDelta_Fusobacterium	47	0	0	-10	-4	0	-275	-23	-35	0	-17	-141	0	15	44	0	0	0	0	0	0	-3	-7	0	0	0	0	-2183	0	0	0	-5	0	-321	0	0	-5	-87	0	0	0	0	2	0	0	0	0	8	1	0	32	0	0	0	0	-30	-21	0	0	343	0	0	-2	-19	0	-3	-93	5	0	-2	0	2	0	0	0	0	0
GenusDelta_Gastranaerophilaceae_Zag	0	0	0	0	0	0	0	0	0	0	0	0	0	0	0	0	0	0	0	0	0	-37	0	0	0	0	0	0	0	0	0	0	0	0	0	0	0	0	0	16	0	0	0	0	0	0	0	0	0	0	0	-3	0	0	0	0	0	0	0	5	0	0	0	0	-11	0	0	0	0	0	0	0	75	0	0	0	2
GenusDelta_Gemella	-3	0	0	0	0	-2	-2	0	0	-4	-7	-1	-1	-6	1	0	0	0	0	-1	-1	0	0	0	0	0	0	0	-3	0	-50	0	0	0	4	-4	-1	0	-7	0	-1	0	-2	-1	-5	-1	0	3	0	-6	0	0	0	-11	1	-6	0	0	0	-1	0	0	2	0	0	0	-6	0	0	0	0	5	0	0	0	0	0
GenusDelta_Gemmiger	-429	0	0	46	352	-578	6	437	-294	-104	-1085	-23	69	0	0	477	740	-506	793	-384	0	816	-1931	-93	-85	1	-12	12	-443	-99	-46	-202	-230	0	-1	-4	-4949	0	4532	580	-820	0	-735	-57	-1437	623	0	-51	-109	-310	-47	-1715	146	-972	-59	0	75	64	-38	-3617	88	-93	135	33	-18	-99	1610	-289	-209	205	-650	67	-65	-112	-307	398	49
GenusDelta_Gordonibacter	0	0	0	0	0	0	0	-3	-1	0	0	0	0	0	1	-3	0	0	0	0	0	0	0	0	1	0	0	0	0	0	-4	-4	0	0	0	0	0	0	0	0	0	0	-1	0	0	0	0	-1	-1	0	0	0	2	0	0	-1	1	0	-5	0	-2	0	1	0	0	-1	-1	0	-1	0	0	0	0	0	-1	0	0
GenusDelta_Granulicatella	0	0	0	0	0	0	3	0	1	-4	0	0	0	1	-3	0	0	0	0	0	-2	0	9	5	0	-2	0	0	-4	0	-24	0	0	0	-1	0	0	-6	4	0	-1	0	0	-3	-6	0	0	3	0	-4	-2	0	0	-4	0	0	0	0	0	0	0	0	3	0	0	0	-1	-1	0	0	0	3	0	0	-3	0	0
GenusDelta_Haemophilus	-3	0	-65	0	-67	21	-13	0	0	0	-50	-3	3	27	-5	9	-2	-7	-1	-2	1	37	-4	0	0	0	-155	-499	-8	3	0	0	19	0	0	45	-20	152	0	6	-19	0	1	8	-12	-334	0	176	11	17	2	0	7	0	-42	-1071	0	0	9	8	-4	3	6	0	0	0	4	6	-2	0	0	4	-22	0	-2	45	-1
GenusDelta_Harryflintia	0	0	0	0	0	0	0	0	0	0	0	0	0	0	0	4	0	0	0	0	0	0	-1	2	0	0	0	0	0	0	0	0	0	0	0	0	0	0	0	0	0	0	0	0	0	0	0	0	0	0	0	0	-3	0	0	0	0	0	0	0	0	0	0	0	0	0	0	0	0	0	0	0	0	0	0	0	0
GenusDelta_Holdemanella	-54	0	0	0	58	-8	0	-299	54	0	-173	0	-193	0	0	71	0	-16	0	2	0	0	0	-100	-200	0	0	0	-10	-5	3	0	-7	0	0	0	0	0	0	4	0	214	0	-6	0	0	-48	-62	0	0	-16	0	19	0	41	0	0	158	0	0	0	0	0	21	-14	0	0	0	0	-48	0	3	-47	-196	0	431	0
GenusDelta_Holdemania	0	-8	0	3	14	0	0	18	0	0	-1	-5	2	0	0	13	1	0	5	2	0	-2	0	8	-2	0	0	0	2	0	-1	-4	0	-1	0	0	0	-18	1	2	-1	0	-2	-6	0	0	0	-5	-3	-3	1	0	-4	-4	0	0	0	0	0	0	0	-3	5	0	0	-2	-17	0	-3	-2	-1	3	0	-9	-4	1	0
GenusDelta_Howardella	0	0	0	0	60	0	0	0	0	0	1	0	-60	0	0	0	3	0	0	0	0	0	0	0	0	0	0	0	0	0	0	0	-31	0	0	0	0	0	0	0	0	0	0	0	0	0	0	0	0	0	0	0	0	0	-5	-4	0	-3	0	0	0	0	0	0	0	0	0	0	0	0	0	0	0	-3	0	0	0
GenusDelta_Hoylesella	0	0	0	0	0	0	-4	0	0	-9	0	0	0	0	0	0	0	0	0	0	0	0	0	-13	0	0	0	0	0	0	0	0	0	0	0	0	-1	0	0	0	0	0	3	0	0	0	0	3	0	0	0	0	0	0	0	0	0	0	0	0	0	0	0	0	0	0	0	0	0	0	0	0	0	0	8	0	0
GenusDelta_Hungatella	0	-39	47	-29	0	-47	0	-61	-44	0	0	-1	-11	1	0	12	0	0	0	4	0	0	-2	29	-59	55	0	0	0	0	0	-7	0	0	-27	18	33	-17	-34	0	0	0	260	-4	0	0	0	0	0	0	30	0	39	-7	0	0	1	0	0	85	0	0	-5	-29	0	-7	-252	0	-3	-4	0	59	0	0	0	0	0
GenusDelta_Hydrogenoanaerobacterium	0	0	0	0	0	0	0	0	0	0	0	0	1	0	0	-3	0	0	0	0	0	0	0	-1	-45	0	0	0	6	0	0	0	0	0	0	0	0	0	0	0	0	0	0	0	0	0	0	0	0	0	0	0	0	0	0	0	0	0	0	0	0	-6	0	0	0	0	0	0	0	0	0	0	0	0	0	0	-3
GenusDelta_Intestinibacter	-99	57	24	0	39	-14	-65	-41	0	-11	7	-6	-47	0	0	6	-19	-14	-8	-6	13	-2	-73	-1	0	0	-3	-1	0	4	0	-3	-3	0	-4	3	68	-7	-14	-2	0	46	13	0	0	-50	0	-17	5	0	0	10	-4	-5	3	-41	0	4	0	12	-3	0	20	0	-15	-6	-2	-7	0	-1	0	0	-3	6	0	0	-2
GenusDelta_Intestinimonas	0	0	0	21	35	0	0	0	-13	0	0	0	-19	0	0	-27	7	0	6	0	0	0	0	26	-3	0	0	0	0	6	0	0	-55	0	0	0	0	0	-11	0	6	0	12	-4	0	0	0	0	0	0	0	-6	-20	0	22	0	0	0	0	0	0	0	0	0	0	11	0	0	22	0	-2	0	43	1	0	0	-6
GenusDelta_Klebsiella	0	-567	-51	69	-265	-181	-129	-1558	1830	-896	-380	2491	21	-473	-1565	132	82	-33	0	12	32	0	0	0	0	8	0	4	-63	585	163	1116	-18	2040	700	1915	-5	430	8	15	82	13	-2986	0	-804	-1082	-4	137	-2	-192	-465	0	44	20	77	-725	223	5588	258	34	0	0	64	0	-35	139	0	-59	-2439	1	-717	9	-623	0	-23	141	-65
GenusDelta_Kluyvera	0	0	0	0	0	0	0	0	0	0	0	36	0	0	0	0	0	0	0	0	0	0	0	0	0	0	0	0	28	0	0	0	0	36	3	0	0	0	0	0	0	0	0	0	0	-8	0	0	0	0	0	0	0	0	0	-4	0	0	0	0	0	0	0	0	0	0	0	0	0	0	0	0	0	0	0	0	0
GenusDelta_Lachnoanaerobaculum	0	0	0	0	0	0	0	0	0	0	0	0	0	6	-2	0	0	0	0	0	0	0	0	0	0	0	0	0	0	0	-4	0	0	0	0	0	0	0	0	0	0	0	0	0	0	0	0	0	0	0	0	0	0	0	0	0	0	0	0	0	0	0	0	0	0	0	0	-2	0	0	0	0	0	0	0	0	0
GenusDelta_Lachnoclostridium	-82	16	1	6	-38	54	0	-15	-13	106	104	-32	-8	-115	71	5	-30	6	-14	-23	31	-50	-57	51	-9	6	-2	-218	-46	27	-118	-3	-4	0	45	-26	0	-3	35	-54	2	-102	3	-121	56	-153	-3	4	-35	26	15	37	-35	24	21	5	-65	-35	44	-50	-21	-10	26	-28	0	-60	-182	4	-17	4	3	85	-14	-93	4	48	3
GenusDelta_Lachnospira	-19	-1	-134	-5	-14	15	0	1	16	-28	34	-12	0	0	0	3	60	-32	-19	-38	0	-13	-39	25	0	23	0	47	-2	0	-8	-3	0	0	0	-22	-288	34	-8	-39	19	0	0	16	0	0	-4	-9	8	-6	39	-4	-64	-151	-255	-2	-24	-6	33	-16	0	17	-3	0	-27	-6	-44	17	-4	0	-12	0	17	0	-10	-2	-68
GenusDelta_Lachnospiraceae_CAG_56	-3	0	0	6	-10	0	0	0	-33	-5	4	-39	0	0	0	26	4	-78	0	-12	0	-1	0	0	0	0	0	0	0	0	0	0	0	0	0	0	0	0	0	19	38	0	-4	-2	-32	0	0	18	-54	0	0	-4	0	19	11	0	-30	-4	26	0	-9	37	11	0	-2	0	12	-6	0	0	-1	-82	5	0	0	36	-10
GenusDelta_Lachnospiraceae_FCS020_group	-7	0	0	0	8	6	0	6	0	-4	-1	-4	-1	0	0	-4	2	0	0	-3	0	0	-2	-13	0	0	0	0	0	0	0	0	-5	0	0	0	0	0	-7	0	3	0	0	0	-5	0	0	0	4	-2	-2	-6	0	0	6	0	0	2	0	-10	-8	19	4	0	-4	0	0	0	0	0	4	0	0	-2	-2	-18	-1
GenusDelta_Lachnospiraceae_GCA_900066575	0	0	0	0	0	0	0	0	0	0	0	0	0	0	0	0	-2	0	-8	0	0	0	0	0	0	0	0	0	0	0	0	0	0	0	0	0	0	0	0	0	2	0	11	0	0	0	0	0	0	-2	0	0	0	0	1	0	-2	0	0	0	0	0	0	0	0	0	0	-2	0	0	0	0	0	-2	8	0	-6
GenusDelta_Lachnospiraceae_GCA_900066755	0	0	0	0	0	0	0	0	0	0	0	0	5	0	0	0	0	0	0	0	0	0	0	1	0	0	0	0	0	0	0	0	0	0	0	0	0	0	0	0	0	0	0	0	0	0	0	0	0	0	0	0	0	0	0	0	0	0	0	0	0	0	0	0	0	0	0	0	0	-2	0	0	0	0	0	0	0
GenusDelta_Lachnospiraceae_Incertae_Sedis	0	0	0	89	-3	0	0	0	-6	3	-4	-25	0	0	0	2	14	-3	3	48	20	74	-8	162	-2	0	0	-36	-5	-7	-26	-2	-22	0	0	0	1	-7	0	-8	-6	0	7	-24	0	20	-65	1	-5	-2	0	11	0	45	3	0	0	22	-1	-8	1	-4	5	-20	-1	1	-112	0	-41	0	-17	0	0	-3	9	-4	3
GenusDelta_Lachnospiraceae_ND3007_group	-6	0	-31	-3	-4	19	0	-6	10	-37	16	-15	-4	0	0	0	-4	8	-3	0	0	-7	-11	-8	-1	0	-10	7	-2	0	0	0	7	-1	-18	0	2	0	6	-1	0	0	0	0	6	10	0	4	-5	-1	0	0	0	-21	7	0	-5	0	9	0	0	0	102	0	-5	-2	5	0	0	3	3	0	0	0	2	6	0
GenusDelta_Lachnospiraceae_NK4A136_group	-70	0	0	622	63	6	0	64	-304	-65	-22	-9	51	0	0	155	-23	-73	-71	-25	0	-73	-27	5	-35	0	265	4	2	15	0	-10	-49	0	0	0	-1	-17	26	-36	-36	0	-90	-13	108	0	0	-1	93	-95	-6	-10	-7	19	213	11	-31	-118	37	-24	-50	33	17	0	-53	-27	-55	-11	15	0	-19	0	53	-35	-4	-29	187
GenusDelta_Lachnospiraceae_UC5_1_2E3	0	0	0	0	0	0	0	0	0	0	0	0	0	0	0	0	0	0	0	0	0	0	0	0	0	0	0	0	0	0	0	0	0	0	0	0	0	0	0	0	0	0	3	0	0	0	0	0	0	0	0	0	0	0	0	0	0	0	0	0	0	0	0	0	0	0	0	0	-15	0	0	0	0	0	0	0	0
GenusDelta_Lachnospiraceae_UCG_004	-16	0	-18	0	-17	0	0	0	0	0	24	0	0	0	0	0	0	-9	0	0	0	-8	0	0	0	0	6	0	0	5	0	0	0	0	0	0	-2	0	0	-21	-3	-9	0	-21	74	0	0	0	0	-2	0	0	-3	0	-13	1	0	0	8	0	-2	0	0	0	0	0	0	0	0	-3	0	-21	0	-19	0	0	7
GenusDelta_Lachnospiraceae_UCG_010	-1	-3	-7	-1	-58	-8	0	0	-27	18	0	-5	3	0	0	13	15	0	-21	-3	0	3	0	0	-39	0	3	-22	0	18	0	0	0	0	0	0	-1	9	-3	-27	9	0	0	-15	29	0	0	0	-16	0	-1	0	-8	91	18	0	-12	0	-1	-3	12	8	-2	-97	0	-4	6	0	5	0	-9	84	7	-103	-2	-11	17
GenusDelta_Lachnospiraceae_unclassified	-8	4	-291	-37	192	16	-889	74	218	-256	183	-36	0	1	6	180	-325	-113	-126	46	-48	-196	-212	31	151	-17	1	47	-78	39	-71	-7	-24	0	-5	-6	-13	53	-38	-63	-78	-312	-111	-102	191	-99	-221	-29	-63	-143	121	46	-5	5	-26	12	-44	-48	35	-153	-96	3	-162	4	-60	-28	-74	-43	-37	7	40	66	128	-29	-1	46	-86
GenusDelta_Lacticaseibacillus	0	0	0	0	0	0	0	0	0	0	0	0	0	-1	3	0	0	0	0	0	0	0	0	0	0	0	0	0	0	0	0	0	19	0	0	-74	0	0	0	0	0	0	0	0	0	0	0	0	0	0	0	0	0	0	0	-442	0	0	0	0	0	0	0	0	0	0	0	0	0	0	0	0	0	0	0	0	0
GenusDelta_Lactiplantibacillus	0	0	2	0	0	0	0	0	0	0	0	0	0	0	0	0	0	0	0	0	0	0	0	0	0	0	0	0	0	0	0	0	28	0	0	0	0	0	0	0	0	0	0	0	0	0	0	0	0	0	0	0	0	-5	0	-2	0	0	0	0	0	0	576	0	0	0	0	0	-31	0	7	0	0	0	0	0	0
GenusDelta_Lactobacillus	0	0	0	0	-25	0	5	0	1	0	0	1	1	0	11	0	36	0	0	0	0	0	0	-5	0	-8	0	0	0	8	-33	0	217	15	1	-11	0	10	1	383	0	0	0	0	0	0	58	0	-1	0	0	0	0	0	0	-94	-1	0	0	7	-16	0	0	0	0	0	0	0	-93	-8	0	0	-585	0	0	2	-2
GenusDelta_Lactococcus	0	0	0	1	0	-12	0	0	0	0	0	5	-2	0	0	0	0	0	0	0	0	0	0	0	0	0	0	0	0	0	0	0	0	1	1	0	-1	2	0	0	0	0	29	0	0	5	0	0	0	0	0	0	0	0	0	0	0	0	0	-1	0	0	0	0	-1	0	0	0	-15	0	-6	0	0	0	0	6	0
GenusDelta_Lactonifactor	0	-7	7	0	0	0	0	-2	0	0	0	0	0	0	0	0	0	0	0	0	19	0	0	0	0	0	0	0	0	0	0	0	0	0	0	0	0	7	0	0	0	0	0	0	0	0	0	0	0	0	0	0	0	0	0	0	0	0	0	0	0	0	0	0	0	-2	0	0	0	0	0	1	0	3	0	0	0
GenusDelta_Lancefieldella	0	0	0	0	0	0	0	0	0	0	-2	0	0	7	-6	0	0	0	0	0	0	0	2	0	0	0	0	0	-1	0	0	0	0	0	0	0	0	0	-2	0	0	0	0	-1	-1	-2	0	0	0	0	0	2	0	-2	0	0	0	0	0	0	0	0	0	0	0	0	0	0	0	-1	0	4	-4	0	0	1	0
GenusDelta_Leuconostoc	0	0	0	1	0	0	0	0	0	0	0	3	0	0	0	0	0	0	0	0	0	0	0	0	18	0	0	0	1	-12	0	0	0	0	0	0	0	0	0	0	0	0	4	0	0	-1	0	0	0	0	0	0	0	0	0	0	1	0	4	0	0	0	0	0	0	0	0	0	-3	0	-4	0	0	0	0	0	0
GenusDelta_Levilactobacillus	0	0	0	0	0	0	0	0	0	0	0	0	0	0	0	0	0	0	0	0	0	0	0	0	0	0	0	0	0	0	0	0	24	0	0	0	0	0	0	0	0	0	0	0	0	0	0	0	0	0	0	0	0	-5	0	-4	0	0	0	0	0	0	0	0	0	0	0	0	-3	0	0	0	0	0	0	0	0
GenusDelta_Leyella	0	0	0	0	0	0	0	0	0	0	1	0	0	19	0	269	0	0	0	0	0	0	0	0	0	0	0	0	-9	30	-3	0	0	0	0	0	0	0	0	0	0	0	0	0	0	0	0	132	122	104	0	0	0	0	12	0	0	-39	0	0	-65	0	0	0	0	1	33	-2	0	0	0	0	0	-79	10	0	0
GenusDelta_Ligilactobacillus	0	100	0	2	-69	63	1362	-2	0	-17	-7	4	-39	0	901	0	258	0	62	-26	0	-121	0	-3	0	0	0	-21	5	7	0	0	368	0	48	-730	-5	0	35	674	0	0	46	4	0	-298	-108	55	3	74	0	-7	0	0	0	-72	-5	0	0	92	5	0	0	0	5	-6	0	0	22	0	0	0	-608	0	0	194	2
GenusDelta_Limosilactobacillus	49	3	1	0	0	0	6	0	0	0	0	1	27	0	9	-12	93	0	-9	0	6	0	1	-2	0	-12	0	0	-24	-2	-99	0	456	6	-10	114	18	125	-11	32	0	73	0	0	0	0	-250	0	0	0	0	0	7	0	4	-118	0	-2	0	12	0	0	32	0	0	0	0	0	-48	5	0	0	-167	0	0	4	0
GenusDelta_Marvinbryantia	-2	0	0	0	7	-2	0	-2	0	-19	38	-21	-16	0	0	0	-22	-11	0	-3	0	-1	0	-6	-4	0	0	8	1	-4	0	-6	-14	0	0	0	0	0	-2	14	-1	4	0	-8	-3	0	0	0	1	-5	0	-7	0	-2	-5	0	0	19	0	-8	-6	6	18	0	1	-3	3	0	-1	0	-18	1	0	-4	-1	-8	-4
GenusDelta_Massiliomicrobiota	0	0	1	0	0	0	0	0	0	0	0	0	0	0	-6	0	0	0	0	0	0	0	0	0	9	0	0	0	0	0	0	0	0	0	0	-3	0	0	7	0	0	0	10	0	0	0	0	0	0	0	0	0	0	-1	0	0	0	0	0	0	0	0	0	0	0	1	0	0	0	0	0	0	0	12	0	7	0
GenusDelta_Massiliprevotella	0	0	0	0	0	0	0	0	0	0	0	0	0	0	0	0	0	-105	0	0	0	0	0	0	0	0	0	0	0	0	0	0	0	0	0	0	0	0	0	0	0	0	0	0	0	0	0	0	0	0	0	0	0	0	0	0	0	0	0	0	0	0	0	0	0	0	0	0	0	0	4	0	0	0	0	0	0
GenusDelta_Mediterraneibacter	-139	194	-249	-216	112	438	-15	83	27	-256	291	-515	-68	-109	0	237	6	-35	85	-77	50	25	-17	21	-82	-145	49	271	-9	-18	-137	-183	-992	-6	-23	-21	362	38	-97	-3	10	215	195	781	-220	100	0	52	170	19	-26	211	41	25	30	132	-39	128	144	-56	253	11	-63	-912	-4	-232	-278	20	5	-73	-128	-1029	431	-44	-29	240	78
GenusDelta_Megamonas	-105	-633	0	0	-7	0	0	0	2923	0	-16	-306	0	0	0	0	1	0	0	1562	0	-374	-126	5	-26	0	0	-1438	0	0	0	0	8	0	0	0	-5	0	16	-1464	-34	-1258	-6	-1	0	-213	0	41	221	-281	1467	2	0	0	-391	0	-589	0	29	-13	-238	0	-4016	64	0	0	-826	272	0	142	7	-1226	0	0	0	54	0
GenusDelta_Megasphaera	-29	-225	3	0	0	103	23	40	0	0	-107	4	-59	11	3	0	477	0	0	0	0	-324	0	0	114	428	1	27	-59	-1	-2303	0	0	0	0	7	-4	185	221	0	0	0	0	0	0	0	3293	14	0	327	-3	186	0	0	0	0	40	-2	48	-293	-80	-8	-8	0	2	0	0	388	0	-683	96	0	0	0	0	-28	-1
GenusDelta_Merdibacter	0	0	0	0	0	0	0	0	0	0	0	0	0	0	0	18	0	0	5	0	0	0	0	0	0	0	0	0	0	0	0	0	6	0	0	0	0	0	0	0	0	0	2	0	0	0	0	0	0	0	0	0	0	0	0	0	0	0	0	0	0	0	0	0	0	0	0	0	0	0	0	3	0	12	-5	0	0
GenusDelta_Mitsuokella	0	0	0	0	0	0	0	9	0	0	0	0	0	0	0	0	3	0	0	0	0	0	0	0	0	0	0	0	-150	-5	-1	0	0	0	0	0	0	0	0	0	0	0	-87	0	0	0	-359	-177	0	0	0	0	0	0	0	0	0	-5	0	0	0	0	0	0	0	0	0	0	0	0	0	0	0	0	0	0	0
GenusDelta_Mobiluncus	0	0	0	0	0	0	0	0	0	0	0	0	0	0	0	0	0	0	0	0	0	0	0	0	0	0	0	0	0	0	0	0	0	0	0	0	0	0	0	0	0	0	6	0	0	0	0	0	0	0	0	0	-2	0	0	0	0	0	0	0	0	0	0	0	0	0	0	0	0	0	0	0	0	0	0	0	0
GenusDelta_Monoglobus	-4	0	-46	-3	0	12	0	4	0	-48	205	-15	-17	0	0	0	-2	-79	-7	-12	-8	-27	-93	11	-6	0	-32	6	2	-54	0	-278	-6	0	-121	-58	-24	22	-9	-11	-4	0	-25	0	0	0	0	-1	-1	-1	-1	72	-1	-21	45	-1	-15	-6	22	-21	-60	-30	20	0	-12	1	31	-2	-175	0	-35	0	10	0	-6	-13	-52
GenusDelta_Morganella	0	0	0	0	0	0	0	0	0	0	0	0	0	5	10	0	0	0	0	0	0	0	0	0	0	6	0	0	5	0	0	4293	0	4	10	0	0	0	0	0	0	0	0	0	-2	0	0	0	0	0	-248	0	0	0	0	0	0	0	0	0	0	0	0	0	-15	0	0	0	0	0	-2	0	0	0	0	0	0
GenusDelta_Moryella	-7	0	0	0	5	0	0	-2	0	12	1	0	0	0	0	0	5	0	-1	-7	0	3	0	-3	0	0	0	0	-8	-2	0	0	0	0	0	0	0	0	-2	0	-3	0	0	-3	0	0	0	0	-4	1	0	-2	0	-2	7	0	0	0	0	-4	-1	0	0	0	0	0	0	0	-4	0	0	0	0	4	0	0	-2
GenusDelta_Muribaculaceae_CAG_873	0	0	0	0	0	0	0	0	0	0	0	0	0	0	0	0	0	0	0	0	0	0	0	0	0	0	0	0	0	0	0	0	0	0	0	0	0	0	0	0	0	0	0	0	0	0	0	0	0	0	0	-85	0	0	0	0	0	0	0	0	0	0	0	0	0	0	0	0	0	0	0	0	0	0	0	0	0
GenusDelta_Muribaculaceae_Incertae_Sedis	0	0	0	0	0	0	0	0	0	0	-113	0	61	0	0	0	0	0	0	0	0	2	0	0	-4	0	0	16	-218	472	0	0	0	0	0	0	0	0	0	0	0	0	0	0	2	0	0	0	0	-175	0	80	0	0	76	0	0	-39	0	3	0	0	0	0	0	0	0	0	0	0	0	0	57	-359	-65	0	-10
GenusDelta_Negativibacillus	0	0	0	-9	0	-2	0	1	0	0	5	0	0	0	0	-3	4	7	0	0	0	9	-41	75	46	0	0	0	-6	0	0	0	0	0	0	0	0	0	0	0	0	0	-38	0	0	0	0	0	-14	3	0	30	14	0	0	0	0	77	0	0	0	-19	-45	0	6	0	-120	35	0	-9	0	0	15	119	10	0	-3
GenusDelta_Neisseria	-2	0	0	0	0	0	0	0	2	-5	0	0	1	1	0	-3	0	-1	0	-1	0	0	0	0	0	-4	0	0	0	0	0	0	0	-3	0	0	-7	0	0	6	0	0	0	10	7	0	1	7	0	0	-3	0	5	0	19	0	0	0	0	0	0	0	0	0	0	-1	0	-1	0	0	0	8	0	0	0	0	0
GenusDelta_Odoribacter	0	0	0	31	6	-16	0	-13	-44	-4	0	-2	16	0	0	17	-17	-31	0	-7	10	51	0	-5	-106	0	-32	-1	7	19	0	0	-7	0	0	0	0	-7	-5	-89	9	-5	-5	-21	0	-1	0	43	16	-9	16	7	15	42	16	0	-85	-6	10	-12	0	2	-12	0	-9	8	22	9	-14	-33	-8	0	6	-25	-1	6	7
GenusDelta_Olsenella	0	0	0	0	0	0	0	0	0	-2	0	0	0	1	-4	0	0	0	0	0	0	0	0	0	0	0	0	2	0	0	-3	0	0	0	0	0	0	0	4	0	0	16	0	0	0	0	0	0	0	0	0	0	0	0	0	0	-2	0	0	4	0	0	0	0	0	0	0	0	0	-73	0	0	0	2	-21	-3	0
GenusDelta_Oribacterium	0	0	0	0	0	0	0	0	0	0	0	0	0	5	-9	0	0	0	0	0	4	0	0	0	0	0	0	0	-2	-2	-16	0	0	0	0	0	0	0	0	0	0	0	0	-5	-3	-2	0	0	0	0	0	0	0	0	0	0	0	0	0	0	0	0	0	0	0	0	0	0	0	30	0	0	0	5	0	0	0
GenusDelta_Oscillibacter	-43	-10	0	37	-4	-2	0	24	-33	-2	10	-3	7	0	0	18	-1	-2	11	33	2	13	-16	142	2	0	18	3	3	0	0	-16	-18	0	-4	0	-6	-69	5	-12	-1	2	-68	-28	0	12	0	-90	-27	-25	-6	62	-64	71	59	27	9	-15	-9	-21	-5	-45	-43	174	-9	-148	-98	49	8	12	36	409	0	-1	11	-1	-13
GenusDelta_Oscillospiraceae_Incertae_Sedis	-39	-3	0	-23	0	-38	0	-10	-10	10	2	-10	10	-128	0	-37	0	-13	4	-1	11	3	0	-22	-31	0	9	8	0	2	0	-83	0	0	0	0	-1	-36	0	7	0	0	22	-15	0	9	0	-6	-11	-38	-1	0	46	2	5	0	-24	34	-8	-82	16	31	-1	71	-19	-2	-55	14	-26	-8	-79	-50	0	26	-13	-12	7
GenusDelta_Oscillospiraceae_NK4A214_group	0	0	-14	-9	-64	-74	0	749	-26	-18	-16	-6	122	0	0	-14	127	-12	50	-53	0	26	0	54	-77	0	0	0	-15	1	0	-143	-59	0	0	0	0	46	-28	-22	2	0	25	0	0	0	0	-172	-192	-21	0	43	-26	0	-38	0	202	-24	10	-154	0	-22	4	0	-33	5	8	-27	20	-48	48	0	73	22	-9	0	88
GenusDelta_Oscillospiraceae_UCG_002	-67	0	-3	-3	-262	-58	1	-147	-170	-59	-37	-1	666	0	0	-166	764	-103	-225	-586	0	291	-73	496	-1322	0	0	0	494	1087	0	-847	-466	0	0	-2	-37	-301	-278	232	89	0	-258	-138	0	6	0	-35	-157	-286	-18	242	-107	-42	758	0	-206	-117	26	25	-30	-338	87	0	81	113	75	30	-2	-96	219	265	294	-234	3	11	392
GenusDelta_Oscillospiraceae_UCG_003	-4	0	-10	20	-122	0	0	-4	-33	-39	5	-3	9	0	0	8	-9	-11	-97	-60	0	-2	0	11	-93	0	1	0	-5	15	0	-23	-12	0	0	0	-4	30	-8	-49	23	0	-2	-11	21	0	0	10	-72	-17	-4	42	-17	101	-20	0	-34	-16	17	-6	2	15	-1	-9	-48	0	53	-6	2	0	37	0	0	-137	3	15	163
GenusDelta_Oscillospiraceae_UCG_005	-12	0	-4	-65	-169	-88	0	73	-63	-34	3	0	109	0	0	-96	286	-4	121	-29	0	29	0	81	-293	0	0	0	79	181	0	-33	-163	0	0	0	0	16	-45	-123	-211	0	-5	-6	0	0	0	-21	-45	-95	-6	-4	14	0	49	0	-12	-128	-31	-69	-26	-11	-5	0	-207	41	0	-37	-23	-108	34	0	14	-172	1	-37	43
GenusDelta_Oscillospiraceae_unclassified	0	0	0	3	0	0	0	0	0	0	0	0	44	0	0	2	0	0	0	0	0	0	0	1	-15	0	0	0	98	38	0	0	0	0	0	0	0	0	0	3	-1	0	-1	0	0	0	0	-112	-2	-2	0	-6	0	0	3	0	0	-2	0	0	0	-23	0	0	0	0	-10	0	3	-1	80	0	5	1	0	0	-5
GenusDelta_Oscillospirales_Incertae_Sedis	0	0	0	7	4	-2	0	-2	0	0	0	0	0	0	0	0	4	0	0	1	0	0	0	-4	7	0	0	0	-4	-2	0	0	-6	0	0	0	0	-1	-1	0	2	0	-4	0	0	0	0	0	0	-2	0	0	0	0	0	0	0	-1	0	0	0	0	0	0	0	0	0	-1	-2	0	-5	0	0	0	0	0	1
GenusDelta_Oscillospirales_UCG_010_Incertae_Sedis	0	0	0	0	-13	-166	0	0	0	-38	0	0	99	0	0	-17	37	0	51	0	0	4	0	20	-52	0	0	0	9	19	0	0	0	0	0	0	0	0	0	35	-1	0	-3	0	0	0	0	0	0	0	0	-46	58	0	27	0	0	-7	0	0	0	-2	0	0	-14	1	0	-3	0	0	3	0	1	0	0	0	-22
GenusDelta_Oscillospirales_UCG_011_Incertae_Sedis	0	0	0	0	0	0	0	0	0	0	0	0	0	0	0	0	1	0	0	0	0	0	0	-3	0	0	0	0	0	0	0	0	0	0	0	0	0	0	0	0	0	0	0	0	0	0	0	0	0	0	0	-3	0	0	0	0	0	0	0	0	0	2	0	0	0	0	0	0	0	0	0	0	0	0	0	0	0
GenusDelta_Oxalobacter	0	0	0	2	0	0	0	3	-8	0	0	0	2	0	0	3	3	0	0	1	0	1	0	1	-1	0	0	0	-2	4	0	0	0	0	0	0	0	0	-1	-5	0	0	0	0	0	0	0	0	0	0	0	2	1	0	0	0	0	0	-9	0	0	0	0	0	-2	0	0	0	0	0	0	0	0	5	-4	0	-4
GenusDelta_Paludicola	0	0	0	1	0	-1	0	-3	0	-9	0	0	5	0	0	1	-4	0	4	0	0	0	-2	0	-2	0	0	0	0	-2	0	-5	0	0	0	0	0	-9	0	0	0	0	0	0	0	0	0	0	-1	-1	0	-3	-1	0	-1	0	0	0	-2	0	0	12	0	0	-13	0	-4	-5	-2	0	0	0	1	-3	0	0	-12
GenusDelta_Papillibacter	0	0	0	0	0	0	0	0	0	0	0	0	0	0	0	0	0	0	0	0	0	0	0	0	0	0	0	0	0	0	0	0	0	0	0	0	0	0	0	0	0	0	-3	0	0	0	0	0	0	0	0	0	0	0	0	0	0	0	0	0	0	0	0	0	0	0	0	0	0	0	0	0	0	4	0	0	0
GenusDelta_Parabacteroides	308	-28	-27	36	-40	10	0	106	-110	22	45	56	13	291	0	-24	-42	391	-140	-35	143	-84	-221	-27	-251	58	-66	-17	-37	136	-38	-20	-96	-85	6	0	9	66	-188	-134	-49	-63	16	402	0	39	-22	-19	-98	-64	26	11	-705	41	-3	-23	-179	-45	-50	-43	-25	-95	39	-1080	24	-314	-82	168	-140	-182	877	-4	220	-390	-172	-10	-7
GenusDelta_Paraprevotella	0	0	0	0	0	-6	0	41	0	0	-11	-49	4	-18	-459	-24	0	0	32	-17	0	0	0	79	0	75	0	-9	-12	-9	0	0	0	0	0	0	0	0	-19	0	11	0	-36	0	0	0	0	-17	33	-100	0	0	0	-29	36	0	-193	-103	16	0	-60	-6	-132	0	-72	0	25	0	0	0	0	0	3	-39	0	0	-74
GenusDelta_Parasutterella	0	0	0	-13	0	0	0	0	0	6	0	-2	0	0	-6	1	0	0	-12	0	0	0	0	13	0	0	0	-4	0	0	0	0	0	0	0	0	0	0	4	0	2	-39	0	-27	0	0	0	0	0	0	0	0	0	0	0	0	0	0	3	0	0	0	0	0	-3	0	0	0	0	0	0	0	0	3	0	0	3
GenusDelta_Parolsenella	0	0	0	0	0	0	0	0	0	0	0	0	0	0	0	0	0	0	0	0	0	0	0	0	0	0	0	0	0	0	0	0	0	0	0	0	0	0	0	0	0	0	0	0	0	0	-15	0	0	0	0	0	0	0	0	0	0	0	0	0	0	0	0	0	0	0	0	0	0	0	0	0	0	0	0	0	0
GenusDelta_Parvimonas	0	0	0	0	0	0	0	0	0	0	0	0	0	0	0	0	0	0	0	0	0	0	0	0	0	0	0	0	0	0	0	0	0	0	0	0	0	0	0	0	0	0	0	0	0	0	0	3	0	0	0	0	0	0	0	0	0	0	0	0	0	0	0	0	0	0	-29	0	0	0	0	0	0	0	0	0	0
GenusDelta_Peptococcaceae_Incertae_Sedis	0	0	0	0	-1	-5	0	0	0	0	0	0	12	0	0	-13	3	0	1	0	0	1	0	10	-1	0	0	0	0	2	0	0	0	0	0	0	0	0	0	2	0	0	0	0	0	0	0	0	0	0	0	-4	-1	0	7	0	0	0	-1	0	0	-2	0	0	0	5	0	0	0	0	-1	0	3	0	0	0	1
GenusDelta_Peptococcus	0	0	0	0	1	0	0	0	0	0	0	0	0	0	0	-1	0	0	0	0	0	0	0	0	0	0	0	0	0	0	0	0	0	0	0	0	0	0	0	0	0	0	13	0	0	0	0	0	0	-2	0	3	0	0	2	0	0	16	0	0	0	0	-2	0	0	0	-6	0	0	10	0	0	0	64	-14	0	1
GenusDelta_Peptoniphilus	0	0	0	0	0	0	0	0	0	0	0	0	0	0	0	0	0	0	0	0	0	0	0	-1	0	0	0	0	0	0	0	0	-2	0	0	0	0	0	0	0	0	0	37	0	-1	0	0	0	0	0	0	0	0	0	0	0	0	0	0	0	0	0	0	2	0	0	-49	0	0	0	0	0	0	0	0	0	0
GenusDelta_Peptostreptococcus	0	0	-3	0	0	0	-1	0	0	0	-3	-5	-5	-2	-5	0	0	0	0	0	-3	0	0	0	0	0	0	0	0	0	0	0	0	0	0	0	0	0	0	0	0	0	0	0	105	0	0	0	0	0	0	6	0	0	0	0	0	0	0	0	0	0	0	0	0	0	-8	0	0	0	0	2	0	0	0	0	0
GenusDelta_Phascolarctobacterium	-108	0	0	266	0	-24	0	-3	-22	0	0	-38	150	-151	0	-114	-6	52	0	97	431	38	0	102	-225	0	-3	-161	-17	141	-13	0	-3	-262	0	0	-89	-466	-13	-85	-12	-669	-61	-255	0	35	0	186	-2	-2	50	174	-196	490	112	1	1	-105	1	4	-890	-117	-249	-230	-86	-313	-603	28	0	-57	57	5	46	112	-2	621	-118
GenusDelta_Phocea	6	0	0	0	0	0	0	0	-2	0	1	0	11	0	0	0	4	0	0	-2	0	4	-5	7	0	0	0	0	0	0	-19	0	-3	0	0	0	0	-1	0	0	0	0	0	0	0	0	0	-2	-3	-2	0	0	2	-5	0	0	0	0	0	-4	0	0	0	0	-2	0	-25	0	-3	2	0	65	0	-5	0	0	-1
GenusDelta_Pigmentiphaga	0	0	0	0	0	0	0	0	0	0	0	0	0	0	0	0	0	0	0	0	1	0	0	0	0	0	0	0	0	0	0	0	0	0	0	0	-4	0	-1	1	0	0	0	0	0	0	0	0	0	0	0	0	0	0	0	-1	1	0	0	0	0	0	0	0	0	0	0	-7	0	0	0	0	0	0	0	0	0
GenusDelta_Pluralibacter	0	0	0	0	0	0	0	0	0	0	0	0	0	0	0	0	0	0	0	0	0	0	0	0	0	0	0	0	-2	15	0	0	0	0	0	0	0	0	0	0	0	0	0	0	0	0	0	0	0	0	12	0	0	0	0	0	0	0	0	0	0	0	0	0	0	0	0	0	0	0	0	0	0	0	0	0	0
GenusDelta_Porphyromonas	0	0	0	0	0	0	0	1	-4	0	0	0	0	0	0	0	0	0	0	0	0	0	0	-9	0	0	0	0	0	-1	0	0	0	0	0	0	0	0	0	0	0	0	46	0	0	0	0	2	0	0	0	0	0	-1	1	0	0	0	0	0	0	0	0	0	0	2	-8	0	0	0	0	0	0	3	1	0	0
GenusDelta_Prevotella	0	0	-3	-3	0	0	0	0	0	-21	0	-2	0	0	0	0	0	-2	0	0	-3	0	0	0	-3	0	0	0	0	0	0	0	0	-1	0	0	-1	0	0	0	0	2	3	1	8	0	3	0	0	3	-3	0	3	0	4	0	0	0	0	151	0	-19	0	0	0	0	0	-6	0	0	2	0	0	9	0	0	0
GenusDelta_Prevotellaceae_Incertae_Sedis	0	0	0	0	-109	0	0	0	0	-3	0	0	46	0	0	299	0	0	0	0	0	49	0	0	0	0	0	0	-14	56	0	0	0	-4	0	0	0	0	-69	0	0	0	4	0	0	0	0	0	0	68	1	250	-671	0	-376	0	0	-73	0	2	0	0	0	0	0	1	1	-3	0	0	0	0	4	0	0	0	0
GenusDelta_Prevotellaceae_NK3B31_group	0	0	0	0	0	0	0	0	0	0	0	0	0	0	0	0	0	0	0	0	0	0	0	0	0	0	0	0	0	0	0	0	0	0	0	0	0	0	0	0	0	0	-7	0	0	0	0	0	0	0	0	0	0	0	0	0	0	0	0	0	0	0	0	0	0	0	0	0	0	0	0	0	0	0	0	0	-96
GenusDelta_Prevotellaceae_UCG_003	0	0	0	0	0	0	0	0	0	0	0	0	0	0	0	0	0	0	0	0	0	0	0	0	0	0	0	0	0	0	0	0	0	0	0	0	0	0	0	0	0	0	0	0	0	0	0	0	0	0	0	0	0	0	0	0	0	0	0	0	0	0	0	0	0	0	0	0	0	0	0	0	3	0	0	0	0
GenusDelta_Proteus	0	0	0	0	0	-3	0	0	0	0	0	0	0	0	0	0	0	0	0	0	0	0	0	0	0	0	0	0	0	0	0	0	0	24	0	0	0	0	0	0	0	0	0	0	0	-4	0	0	0	-79	0	0	0	0	1	0	0	4	0	0	0	0	0	0	0	0	0	0	0	0	0	0	0	0	0	0	0
GenusDelta_Pseudoflavonifractor	0	0	0	0	0	0	0	1	0	0	0	0	0	0	0	0	0	0	0	0	0	0	0	0	0	0	0	0	0	0	0	0	0	0	0	0	0	0	0	0	0	0	0	0	0	0	0	0	0	0	0	0	0	0	0	0	0	0	-1	0	0	0	0	0	-4	0	0	0	3	0	0	0	0	0	0	0	0
GenusDelta_Pseudomonas	3	0	1	0	0	0	0	0	0	0	0	0	0	0	2	3	2	0	0	0	0	0	0	0	0	0	0	0	0	0	0	0	0	0	0	0	-2	0	0	0	0	3	0	0	0	0	0	0	0	0	0	0	0	0	0	-1	0	0	0	0	0	0	0	1	2	0	1	-2	95	0	0	36	0	0	0	-2	0
GenusDelta_Pseudoprevotella	0	0	0	0	0	0	0	0	0	0	0	0	0	0	0	0	0	0	0	0	0	0	0	0	0	0	0	0	0	0	0	0	0	0	0	0	0	0	0	0	0	0	0	0	0	0	0	0	0	0	0	0	0	0	0	0	0	0	0	0	-31	0	0	0	-23	0	0	0	0	0	0	0	0	0	0	0	0
GenusDelta_Psychrobacter	0	0	0	0	0	0	0	0	0	0	0	0	0	-1	0	0	0	0	0	0	0	0	0	0	0	0	0	0	0	0	0	32	0	0	0	0	0	0	0	0	0	0	0	0	0	0	0	0	0	0	0	0	0	0	0	0	0	0	0	0	0	0	0	0	0	0	0	0	0	0	0	0	0	0	0	0	0
GenusDelta_Pygmaiobacter	0	0	0	0	0	0	0	0	0	0	0	0	0	0	0	0	0	0	0	0	0	0	0	0	-2	0	0	0	2	0	0	0	0	0	0	0	0	-9	0	0	0	0	0	0	0	0	0	0	0	0	0	0	0	0	0	0	0	0	0	0	0	0	0	0	0	0	0	0	0	0	0	0	0	0	0	0	0
GenusDelta_Pyramidobacter	0	0	-1	0	0	0	0	0	0	0	0	0	4	0	0	0	3	0	0	-10	0	0	0	0	0	1	0	0	0	0	0	0	0	0	0	0	0	5	0	-2	0	0	-4	0	0	0	0	0	0	0	0	0	0	0	0	0	0	-2	0	56	0	-3	0	0	0	0	0	0	0	0	0	6	0	0	0	0	0
GenusDelta_Raoultella	0	0	0	0	0	0	0	0	0	0	0	0	0	0	0	0	0	0	0	0	0	0	0	0	0	0	-1173	-4	1	-196	0	29	0	0	0	20	0	0	0	0	0	-120	0	0	-68	8	0	0	0	0	0	0	23	0	0	0	0	0	0	0	0	0	0	0	0	0	0	0	0	0	0	0	0	0	0	0	0
GenusDelta_Raoultibacter	0	0	0	0	1	0	0	0	0	0	0	0	0	0	0	0	0	0	0	0	0	0	0	0	0	0	0	0	0	0	0	0	-3	0	0	0	0	-3	2	0	0	0	0	0	0	0	0	0	0	0	0	0	0	0	0	0	0	0	-2	0	-1	0	0	0	0	0	0	0	2	0	0	0	0	-1	0	0	0
GenusDelta_Rhodospirillales_Incertae_Sedis	0	0	0	0	0	0	0	8	0	0	0	1	0	0	0	0	0	0	0	-1	0	0	0	0	0	0	0	0	0	0	0	0	0	0	0	0	0	0	0	0	-5	0	0	0	0	0	0	0	0	0	0	-3	0	0	0	0	0	0	0	0	0	0	0	0	0	0	-4	0	0	0	0	0	0	0	0	0	-20
GenusDelta_Rikenellaceae_RC9_gut_group	0	0	0	0	0	0	0	0	0	0	0	0	0	0	0	0	0	0	0	0	0	0	0	0	0	0	0	0	0	13	0	0	0	0	0	0	0	0	-2	0	0	0	0	0	0	0	0	-4	0	0	0	0	0	0	0	0	0	-1	0	0	0	0	0	0	0	0	0	0	0	0	0	0	0	0	0	0	0
GenusDelta_Romboutsia	-48	-26	-114	-40	113	48	-336	-223	0	-33	-240	-95	-78	-16	54	1	-7	-9	1	-68	-3	1	-63	-9	-14	-28	0	-155	-3	-10	-18	-16	-13	-12	47	13	49	4	-13	-24	-4	138	-57	0	-36	-238	-41	-21	-49	-6	-8	-7	81	-1	-5	-362	0	8	14	-20	-3	7	57	25	5	-2	-25	0	-2	0	0	0	-18	0	0	-5	-5
GenusDelta_Roseburia	-67	0	-374	-9	-7	-14	-1295	103	-66	-489	61	-155	40	0	0	844	-235	-437	-169	-168	0	179	-55	41	-46	228	-322	157	-7	37	0	-28	0	0	-42	-17	223	389	-58	-25	-87	-4	-23	-165	0	-4	0	238	-30	-254	-15	-6	80	57	-268	-11	-62	-24	13	-72	13	58	-47	-175	33	-21	235	-3213	-60	37	3	-100	74	-90	-20	38	133
GenusDelta_Rothia	0	0	0	-2	-3	0	0	0	0	-6	0	0	-22	0	0	1	0	0	0	0	0	1	0	0	0	0	0	0	-7	-1	-1	0	2	0	0	0	-1	0	-2	0	-4	0	0	0	4	0	0	0	0	4	0	0	1	-3	0	0	0	0	0	0	0	0	2	0	1	0	-4	0	-2	0	0	1	-3	0	0	0	0
GenusDelta_Ruminococcaceae_CAG_352	0	-2947	38	-25	0	-244	0	-207	0	-320	-776	-1253	-216	-1	0	0	-451	-588	0	-522	0	-48	-167	-2136	-21	0	-78	98	81	34	0	-140	-9	-1	0	-4	-378	1908	-145	0	-307	0	7	-63	0	0	0	-1405	-130	96	0	-269	0	0	-3	0	0	40	-29	-148	0	76	205	0	117	-30	-126	60	-5	0	-276	0	157	6	2	0	-86
GenusDelta_Ruminococcaceae_DTU089	0	0	4	0	0	-2	0	29	-1	1	0	0	0	0	0	-22	1	0	20	0	0	0	0	10	9	0	0	0	-1	0	0	-3	-3	0	0	0	0	-2	0	3	0	0	-5	0	0	0	0	0	0	0	0	0	10	-4	0	0	0	2	-2	-2	-1	0	0	0	0	11	-14	0	-4	0	0	0	0	4	6	0	0
GenusDelta_Ruminococcaceae_Incertae_Sedis	-4	0	0	11	0	-76	0	152	-2	-118	0	0	227	0	0	-2	38	0	12	-6	0	6	0	-104	-176	0	10	-1	56	148	0	-29	-18	0	0	0	0	-198	3	0	5	0	0	0	0	3	0	-203	5	-128	-1	14	27	-13	87	0	-4	-17	-5	0	9	-164	-5	-2	-51	-9	-26	6	-14	1	-1	18	-18	483	-9	-4	68
GenusDelta_Ruminococcaceae_unclassified	-878	-38	-1107	-81	1140	-12	8	2	-144	-119	-1887	-146	85	0	-6	21	448	540	-140	-123	2	606	-2	18	-23	71	934	-221	-433	-253	-538	-732	-139	-1320	0	0	-214	-6	-173	-213	-895	0	5030	-1102	-729	0	-128	29	27	-33	-96	-59	96	-1052	-70	0	46	93	51	-8	-702	58	310	-270	-98	-50	-8	-369	-194	1076	-218	227	-58	0	-427	-240	-150
GenusDelta_Ruminococcus	-20	0	-27	-1126	187	-6	0	85	-98	97	-38	-60	-20	1	0	-6	28	-48	-65	-126	0	-217	-164	61	-31	0	0	-38	-66	11	0	-58	0	0	0	29	5	45	-15	1	-32	0	10	0	0	0	0	-22	-81	-29	-12	-2	-13	-82	-4	13	2	11	526	-55	6	73	25	6	-33	-15	38	72	-138	0	34	0	175	6	-56	-25	-78
GenusDelta_Ruthenibacterium	-4	-4	43	80	0	-8	0	308	-17	-5	-3	-3	114	-2	0	-7	4	6	32	17	406	27	0	61	34	69	-9	-6	1	-5	-9	-61	-9	-14	70	0	-2	-137	-17	-1	0	694	33	-6	0	42	0	-27	-19	-15	0	2	24	0	0	37	-9	0	-69	2	1	-6	-4	-13	3	-15	-243	-183	-11	21	4	431	47	375	-9	4	-4
GenusDelta_Saccharimonadaceae_Incertae_Sedis	0	0	1	1	8	-11	-5	3	0	10	-7	15	0	0	0	9	0	0	1	-4	4	0	0	-2	0	1	0	1	0	-6	6	0	0	0	-2	1	6	-1	-4	0	0	0	-14	0	-8	-8	0	-10	-3	0	0	-3	0	-6	0	-26	-1	0	0	-4	-1	0	6	0	0	0	-7	0	0	0	0	9	-1	8	-3	3	0
GenusDelta_Saccharimonadaceae_TM7x	1	0	0	1	0	-4	-6	3	0	-5	-9	8	-1	6	12	0	0	-2	0	0	8	0	0	-2	0	-1	1	3	0	0	-2	-7	-1	0	-3	0	-3	0	-2	0	-1	6	-3	0	-21	-12	0	-2	-9	0	2	0	5	-28	-1	-35	-4	-2	-1	-5	-6	-1	-2	0	0	0	-7	0	0	0	0	19	-3	9	-5	30	0
GenusDelta_Saccharimonadaceae_unclassified	0	0	0	0	0	0	0	0	0	0	0	0	0	0	0	0	0	0	0	0	0	0	0	0	0	0	0	0	0	0	0	0	0	0	0	0	0	0	0	1	0	0	0	0	-1	0	0	0	0	0	0	0	0	0	0	-4	0	0	0	0	0	0	0	0	0	0	-3	0	0	0	0	0	0	0	0	0	0
GenusDelta_Saccharimonadales_Incertae_Sedis	0	0	0	0	0	0	0	2	0	0	0	0	0	0	11	0	0	0	0	0	0	0	0	0	0	0	0	0	-9	0	3	0	0	0	0	0	0	0	-3	0	0	0	-5	0	0	-4	0	0	0	0	5	0	0	0	3	-6	-2	0	-3	0	-3	0	0	0	0	0	-3	-2	0	0	0	-3	0	3	0	0	0
GenusDelta_Saccharimonadales_unclassified	0	0	0	0	0	0	0	-2	0	0	0	0	0	0	2	0	0	0	0	0	0	0	0	0	0	0	0	0	0	0	0	0	0	0	0	0	0	0	0	0	0	0	0	0	0	0	0	0	0	0	0	0	0	0	0	-1	0	0	0	0	0	0	0	0	0	0	-1	0	0	0	0	0	0	0	0	1	0
GenusDelta_Scardovia	0	0	0	0	0	0	-2	0	0	0	0	2	-4	1	0	1	0	0	0	0	0	0	0	0	0	0	0	0	0	-15	0	0	0	0	0	0	0	0	0	0	0	0	0	-3	0	0	0	0	0	0	0	0	0	-1	0	0	0	0	0	0	0	0	0	0	0	0	0	0	0	0	0	0	0	0	0	0	-1
GenusDelta_Schaalia	-3	0	0	-2	4	-3	-2	-3	0	0	5	-3	-10	20	2	3	0	0	0	0	11	0	17	-6	0	0	0	0	5	0	-8	0	0	0	-2	4	-2	0	7	0	0	4	6	0	2	-13	7	0	7	0	-2	8	0	0	0	-6	0	4	-4	0	0	-5	3	0	0	-5	2	0	0	-2	0	6	0	4	0	2	0
GenusDelta_Segatella	-505	0	0	0	-3481	-36	0	0	3249	-1079	0	0	-22	1	0	-89	0	5	-713	0	0	0	0	-79	0	5	0	-5	-195	372	55	0	23	0	0	0	0	-2	-111	-490	0	-213	-170	-3	0	0	4379	1937	799	2374	-19	52	-1360	0	-611	0	-1709	-315	2	-150	-532	0	0	0	-449	0	0	-19	0	-158	14	0	2390	-380	-18	-77	-478
GenusDelta_Selenomonadaceae_Incertae_Sedis	0	0	0	0	0	0	0	0	0	0	0	0	0	0	0	0	0	0	0	0	0	0	0	0	0	0	0	0	0	0	0	0	0	0	0	0	0	0	0	0	0	0	0	0	0	0	0	0	0	0	0	0	0	0	0	0	0	0	0	0	0	0	0	0	0	0	0	0	0	0	0	0	0	0	0	0	0
GenusDelta_Sellimonas	0	22	31	0	0	4	27	0	0	0	0	0	0	0	0	0	0	0	0	37	0	0	-2	11	2	3	0	4	0	0	-2	0	0	0	0	2	15	0	0	0	0	0	70	0	0	0	0	0	0	0	0	0	0	0	0	0	0	0	0	-5	0	0	41	0	0	-26	0	42	-5	-13	0	0	0	0	-11	5	0
GenusDelta_Senegalimassilia	-5	0	0	0	26	0	0	0	-2	0	7	0	-14	0	0	0	0	0	0	0	0	0	0	-4	-9	0	0	0	-6	-7	0	-5	0	0	0	0	0	0	-5	0	0	0	0	0	0	0	-1	-7	-3	-2	0	-13	0	0	-14	0	-3	-1	0	0	-6	0	0	0	-3	0	0	0	0	-53	-3	0	-10	0	0	0	-4
GenusDelta_Shuttleworthia	0	0	0	0	0	0	0	0	0	0	0	0	0	0	0	20	0	0	0	0	0	0	0	-1	4	0	0	0	0	0	0	0	0	0	0	0	0	0	0	0	0	0	-1	0	0	0	0	0	0	0	0	8	0	0	0	0	0	0	0	-8	0	0	-9	0	0	0	0	0	3	0	0	0	0	27	-15	1	0
GenusDelta_Slackia	0	0	0	0	9	0	0	0	0	0	0	0	-9	0	0	0	0	0	0	0	0	0	0	0	-1	0	0	0	0	-7	0	0	-6	0	0	0	0	0	-2	0	0	181	-2	0	0	0	-1	-2	0	-7	-2	0	0	0	-3	0	0	0	0	0	0	0	0	0	-1	0	0	0	0	-3	0	0	-9	4	0	1	0
GenusDelta_Solobacterium	0	0	-2	-2	0	0	0	1	-1	0	-3	5	-3	0	-4	0	0	0	0	0	-1	0	0	0	0	0	0	0	0	0	-9	-3	-2	0	0	0	-2	-2	0	0	-1	0	0	-1	0	-5	0	1	0	0	-3	0	0	-5	0	-7	0	0	-4	-1	-1	0	0	0	0	0	0	0	0	0	0	3	0	0	0	1	0
GenusDelta_Sphingomonas	0	0	0	0	0	0	0	0	0	0	0	0	0	0	0	0	0	0	0	0	0	0	0	0	0	0	0	0	0	0	0	0	0	0	0	0	-2	0	0	0	0	0	0	0	0	0	0	0	0	0	0	0	0	0	0	0	0	0	0	0	0	0	0	2	0	0	0	-1	0	0	0	0	0	0	0	0	0
GenusDelta_Staphylococcus	0	0	0	0	0	0	0	0	0	0	0	0	0	0	0	0	0	0	0	0	0	0	0	0	0	0	0	0	0	0	0	0	0	3	0	0	-4	1	1	6	0	3	4	0	0	8	0	0	0	0	0	0	0	0	0	0	0	0	0	0	0	0	0	0	0	0	4	4	0	0	0	0	0	0	0	0	0
GenusDelta_Stomatobaculum	0	0	0	0	0	0	0	0	0	0	0	0	0	3	0	0	0	0	0	0	0	0	0	0	0	0	0	0	0	0	-1	0	0	0	0	0	-2	0	0	0	0	0	0	0	0	0	0	0	0	0	0	0	0	0	0	0	0	0	0	0	0	0	0	0	0	0	0	-1	0	0	0	0	0	0	0	0	0
GenusDelta_Streptococcus	-36	-46	19	145	-200	-88	169	26	128	-33	-179	-403	-112	108	-1861	5	215	-6	58	0	490	2	198	68	-13	1	-32	77	-90	-61	-3143	-52	852	25	271	664	-431	113	327	231	-198	13	154	-54	-190	-11	74	343	14	36	26	0	27	-294	94	735	-26	45	77	225	-2	67	106	-6	-51	-78	-56	3	-169	1	-1	-18	-745	23	-50	180	12
GenusDelta_Subdoligranulum	0	0	0	0	0	0	0	0	0	-25	0	0	0	0	0	0	0	0	0	0	0	0	0	0	0	0	0	0	0	0	0	0	0	0	0	0	0	0	0	0	0	0	0	0	0	0	0	44	10	0	0	0	0	0	0	0	0	0	0	0	0	0	0	0	0	0	0	0	0	0	0	0	0	0	0	0	0
GenusDelta_Succinivibrio	0	0	0	0	0	0	0	0	5	0	0	0	0	0	0	0	0	0	0	0	0	0	0	0	0	0	0	0	0	0	0	0	0	0	0	0	0	0	0	0	0	0	0	0	0	0	0	0	0	0	0	0	0	0	0	0	0	0	0	0	0	0	0	0	0	0	0	0	0	0	0	0	0	0	0	0	0
GenusDelta_Sutterella	-33	1	0	0	-78	2	0	5	-38	0	11	0	6	0	0	-43	-10	3	0	-7	0	-2	0	3	-1	228	0	-148	-33	6	-4	0	1	0	0	90	8	-80	-21	-60	3	0	0	0	0	0	5	57	119	21	-25	9	-4	0	49	0	-19	-9	6	54	0	12	0	-329	6	-25	-3	22	-2	0	5	0	114	-145	17	-16	4
GenusDelta_Sutterellaceae_unclassified	0	-47	0	-6	0	10	0	0	0	9	12	-121	0	42	0	17	-6	401	-25	15	-3	0	0	0	0	0	-67	0	0	0	5	0	0	-378	-29	0	-4	0	6	0	0	0	0	0	0	0	0	0	-5	-13	0	12	-17	684	1	0	0	0	4	-26	0	0	0	-4	0	-7	0	0	0	0	26	681	0	-11	0	7	0
GenusDelta_Tannerellaceae_Incertae_Sedis	0	0	0	0	0	0	0	0	0	0	0	0	0	0	0	0	0	0	0	0	0	0	0	0	0	0	0	0	0	0	0	0	0	0	0	0	0	0	0	0	0	0	0	0	0	0	0	0	0	0	0	0	0	0	0	0	0	0	0	0	0	0	0	0	0	0	-12	0	0	0	0	0	0	0	0	0	0
GenusDelta_Terrisporobacter	0	0	0	0	3	7	-20	-2	0	0	4	-1	-19	0	0	0	0	15	0	0	0	0	-17	-7	0	-7	0	0	0	0	0	0	0	0	4	0	10	0	0	0	0	0	0	0	0	-8	0	0	0	0	0	0	0	0	0	-15	0	0	0	0	0	0	0	0	0	0	0	-7	0	0	0	0	0	0	0	0	0
GenusDelta_Thomasclavelia	8	-59	168	3	0	0	12	-5	-1	1	3	48	0	-126	496	-3	0	11	0	5	11	0	0	0	4	-26	0	0	0	0	0	-3	-3	0	19	-38	0	-90	1	0	-2	-10	4	0	0	0	0	0	0	0	-13	13	0	0	0	-57	0	0	0	13	-2	1	8	-1	0	-1	-8	-5	-1	0	0	-1	0	0	-1	1	0
GenusDelta_Tractidigestivibacter	0	0	0	0	0	0	0	0	0	0	0	0	0	0	0	0	0	0	0	0	0	0	0	0	0	0	0	2	-2	-2	0	0	0	0	0	0	0	0	0	0	0	0	-20	0	0	0	-211	-1	0	0	0	0	0	0	-14	0	1	0	0	0	0	0	0	0	0	6	0	0	0	0	0	0	0	0	0	0	0
GenusDelta_Turicibacter	-67	-4	-21	0	0	2	-90	-2	6	-22	-6	2	-66	0	0	0	-15	0	0	-2	0	-2	-2	-9	-1	-7	0	4	0	0	-9	-1	-2	-2	3	-52	7	0	0	0	-10	0	-30	0	0	-12	0	0	1	0	0	-12	0	0	0	-474	0	12	0	-32	6	0	3	0	-1	6	0	0	0	0	0	0	0	0	-16	0	2
GenusDelta_Tyzzerella	0	49	84	-80	0	91	12	-2	-7	15	2	-11	-7	166	3	0	-5	-13	0	-6	-145	-14	0	0	0	44	-111	-114	0	-1	0	-21	0	0	102	-121	70	-123	0	9	13	33	3	0	11	78	0	19	-1	0	67	-5	-2	-5	0	20	-21	3	-1	0	2	0	-25	-56	-13	-56	26	16	-10	-96	-5	0	0	0	0	0	0
GenusDelta_Vagococcus	0	0	0	0	0	-21	0	0	0	0	0	0	0	0	0	0	0	0	0	0	0	0	0	0	0	0	0	0	0	0	0	0	0	0	0	0	0	0	0	0	0	0	0	0	0	0	0	0	0	0	0	0	0	0	0	0	0	4	0	0	0	0	0	0	0	0	0	0	0	0	0	0	0	0	0	0	0
GenusDelta_Veillonella	-28	-210	7	2	-314	9	6229	9	0	-28	5	-7	0	615	-10	4	72	87	0	-1	0	-6	-121	64	0	8	-64	-174	-34	0	0	9	12	1073	1066	-83	167	640	3	29	-4	0	16	-1	-44	62	8	154	14	-2	45	21	3	-102	12	-87	-2	-16	2	138	-2	7	0	-9	-30	-8	15	4	-11	46	0	-3	41	0	-5	5	16
GenusDelta_Weissella	0	0	0	10	0	-14	-3	1	0	13	0	14	-35	0	-1	0	22	0	0	0	0	0	0	0	41	-3	0	0	-1	-29	0	0	0	0	0	9	3	15	-1	2	0	0	7	0	0	30	1	0	0	0	25	0	0	0	0	-46	0	0	7	0	-3	0	0	0	-1	0	-6	0	-19	0	-19	0	0	4	-2	2	0
GenusDelta_Clostridium_innocuum_group	26	27	58	0	-1	2	-1	-2	1	0	6	1123	-34	-37	124	5	0	12	6	2	-4	0	-1	0	-3	-23	-1	0	0	0	1	-4	-10	-35	-8	-3	1	-52	5	0	0	59	16	0	2	0	0	0	-6	0	-6	0	8	0	0	-10	1	0	-42	64	2	0	5	-1	0	-3	-10	-4	-1	-12	-1	13	0	2	0	0	0
GenusDelta_Clostridium_methylpentosum_group	0	0	0	0	0	0	0	0	0	2	0	0	0	0	0	0	0	0	0	0	0	0	0	0	0	0	0	0	0	0	0	0	0	0	0	0	0	0	0	0	0	0	0	0	0	0	0	0	-1	0	0	0	5	0	0	0	0	0	0	0	0	0	0	0	0	0	4	0	0	0	0	2	0	0	0	0	0
GenusDelta_Eubacterium_brachy_group	0	0	5	2	0	-2	0	0	0	0	0	0	0	0	0	6	0	0	0	0	0	0	0	0	0	0	0	0	-1	0	0	-2	-2	0	0	0	0	-2	0	2	0	0	0	0	0	0	0	0	0	0	0	0	0	-2	0	0	0	0	0	-2	0	0	-1	0	0	0	2	0	0	0	0	0	0	128	0	0	0
GenusDelta_Eubacterium_coprostanoligenes_group_Incertae_Sedis	-464	0	0	56	427	-471	8	155	-235	-272	-458	-53	849	0	0	-733	250	-154	431	-232	32	33	-237	-132	-588	0	319	51	68	138	-24	-93	-98	0	0	12	-3	-113	-2613	-267	-34	-1	-349	-56	0	0	-5	-2029	-166	-218	-40	232	863	-48	-94	0	-71	-297	110	-1452	-507	-45	-87	0	26	483	-72	-349	27	-169	179	-140	-444	134	-192	-278	26
GenusDelta_Eubacterium_eligens_group	2	-36	0	-15	-32	2	0	-5	-31	0	82	-15	-14	0	0	-7	68	-179	31	-5	0	63	-23	375	-155	0	0	40	0	-2	0	0	0	-104	-27	0	0	0	-5	9	3	0	-141	181	0	0	0	11	-191	-709	0	0	-114	25	28	0	0	-17	23	6	-156	14	13	0	-142	-60	129	-8	-26	0	-23	0	148	0	-12	-9	-73
GenusDelta_Eubacterium_ruminantium_group	-48	0	0	0	0	-11	0	0	-200	-4	0	-22	-4	0	0	-21	79	0	0	0	0	9	0	202	0	0	0	0	7	-6	0	0	0	0	0	0	0	0	0	-124	0	0	-31	0	0	0	0	-52	0	18	0	-48	-37	0	-581	0	0	-1	0	0	-82	-7	0	0	-54	-2	124	0	0	0	0	0	0	0	0	0	-275
GenusDelta_Eubacterium_siraeum_group	0	0	0	0	0	-11	0	0	0	-17	0	0	0	0	0	-12	43	0	0	0	0	0	-16	12	-7	0	0	0	17	7	0	-14	0	0	0	0	0	0	0	-19	0	0	4	0	0	0	0	0	0	-66	0	2	0	0	-82	0	0	-7	0	0	0	14	0	0	0	-1	0	10	0	0	67	0	0	0	0	0	-65
GenusDelta_Eubacterium_sulci_group	0	0	0	0	0	0	0	0	0	0	0	0	0	1	0	0	0	0	0	0	0	0	0	0	0	0	0	0	0	0	0	0	0	0	0	0	0	0	-1	0	0	0	0	0	-1	0	0	0	0	0	0	0	0	0	0	0	0	0	0	0	0	0	0	0	0	0	0	0	0	0	0	0	0	0	0	0	0
GenusDelta_Eubacterium_ventriosum_group	-20	-17	-14	-4	-66	1	0	3	0	-3	14	-33	-8	-35	0	0	-7	-12	-29	-108	-2	-1	-9	-11	-2	0	34	0	0	-32	-3	-57	0	0	0	-51	12	0	0	2	62	0	-1	-15	102	0	-4	-7	5	-22	-5	-7	6	13	17	0	-2	-1	0	-80	-16	13	-47	0	-22	0	32	-6	-81	12	-4	0	7	-6	0	-16	-30
GenusDelta_Eubacterium_xylanophilum_group	0	0	0	0	0	0	0	0	0	-9	0	0	0	0	0	-3	12	-15	-8	-12	0	35	0	9	0	0	0	0	7	0	0	-3	0	0	0	0	0	0	0	0	0	0	-1	0	0	0	0	0	0	0	0	2	0	-11	4	0	0	0	0	0	0	16	0	0	0	-5	0	0	-34	0	8	0	0	0	0	0	-2
GenusDelta_Ruminococcus_gauvreauii_group	-4	0	-50	0	36	0	0	6	-7	-6	0	-125	0	0	0	128	7	-5	-4	-1	0	-16	0	0	0	0	-4	0	0	1	0	-7	13	0	0	0	0	0	-4	10	25	15	0	0	0	0	-4	-3	-5	1	0	-27	3	-2	1	0	-6	0	0	0	32	86	0	0	-1	0	7	0	0	0	-26	0	2	-24	-5	-17	-3
GenusDelta_Ruminococcus_gnavus_group	3	-87	242	-6	-1	75	-111	19	1	0	26	-43	-154	-669	503	0	0	588	0	2	-23	0	-5	4	0	-821	22	-45	0	0	-64	0	-67	-92	856	-130	54	4	12	-1	0	-118	9	0	-13	-72	0	4	-97	0	-201	309	0	0	0	-36	0	0	-35	529	-11	0	214	-32	2	-20	18	54	-4	-20	0	-73	21	-1	-7	0	0
